id,Time,Is_CH,who CH,Dist_To_CH,ADV_S,ADV_R,JOIN_S,JOIN_R,SCH_S,SCH_R,Rank,DATA_S,DATA_R,Data_Sent_To_BS,dist_CH_To_BS,send_code,Expaned Energy,Attack type
901710,3029,1,901795,0.0,1,26,0,0,0,0,0,0,0,0,0.0,0,0.00447,Blackhole
213024,1646,1,213024,0.0,1,2,0,31,1,0,0,0,1184,0,0.0,0,0.2731557052207246,Blackhole
504072,2032,1,504100,0.0,1,26,0,0,0,0,0,0,0,0,0.0,0,0.004485823304828888,Blackhole
603022,3453,1,603064,0.0,1,26,0,0,0,0,0,0,0,0,0.0,0,0.004665398410913017,Blackhole
112082,603,1,112096,0.0,1,4,0,18,0,0,0,0,934,0,0.0,0,0.034838510237412725,Blackhole
403078,1814,1,403100,0.0,1,20,0,0,0,0,0,0,31,0,0.0,0,0.4917595888373602,Blackhole
602057,1691,1,602100,0.0,1,19,0,0,0,0,0,0,0,0,0.0,0,0.0044018071293030515,Blackhole
606060,2551,1,606072,0.0,1,26,0,0,0,0,0,0,0,0,0.0,0,0.004456104301339206,Blackhole
702889,2432,1,702976,0.0,1,26,0,0,0,0,0,0,0,0,0.0,0,0.004454781286439389,Blackhole
802660,2721,1,802724,0.0,1,25,0,0,0,0,0,0,0,0,0.0,0,0.004467512919037324,Blackhole
302733,1805,1,302753,0.0,1,2,0,0,0,0,0,0,0,0,0.0,0,0.00586138871601728,Blackhole
112725,637,1,112733,0.0,1,3,0,33,1,0,0,0,1220,0,0.0,0,1.7405401279222121,Blackhole
801066,2648,1,801100,0.0,1,26,0,0,0,0,0,0,0,0,0.0,0,0.004456303962885513,Blackhole
104842,242,1,104842,0.0,1,6,0,17,1,0,0,0,1100,0,0.0,0,0.007146553213116504,Blackhole
1218191,2531,1,1218214,0.0,1,16,0,0,0,0,0,0,0,0,0.0,0,0.004358311392701851,Blackhole
704195,2935,1,704216,0.0,1,25,0,0,0,0,0,0,0,0,0.0,0,0.34814551594274246,Blackhole
117714,885,1,117714,0.0,1,5,0,21,1,0,0,0,787,0,0.0,0,0.007287835147269314,Blackhole
119000,953,1,119000,0.0,1,5,0,11,1,0,0,0,790,0,0.0,0,0.00725267472271796,Blackhole
303093,1399,1,303168,0.0,1,10,0,0,0,0,0,0,0,0,0.0,0,0.005917244259430763,Blackhole
903144,3098,1,903193,0.0,1,26,0,0,0,0,0,0,0,0,0.0,0,0.004480931715584542,Blackhole
302302,1589,1,302352,0.0,1,5,0,0,0,0,0,0,0,0,0.0,0,0.005921901485086151,Blackhole
701436,2691,1,701452,0.0,1,26,0,0,0,0,0,0,0,0,0.0,0,0.1415472971961505,Blackhole
403072,1602,1,403099,0.0,1,23,0,0,0,0,0,0,0,0,0.0,0,0.0044699063321408435,Blackhole
806060,3176,1,806100,0.0,1,25,0,0,0,0,0,0,0,0,0.0,0,0.00447,Blackhole
1004369,3368,1,1004395,0.0,1,26,0,0,0,0,0,0,0,0,0.0,0,0.00448390437483684,Blackhole
115714,786,1,115714,0.0,1,2,0,20,1,0,0,0,1151,0,0.0,0,1.8642450987876462,Blackhole
307042,2203,1,307100,0.0,1,5,0,13,1,0,0,0,1022,0,0.0,0,0.08817840959741234,Blackhole
405016,1999,1,405100,0.0,1,15,0,0,0,0,0,0,116,0,0.0,0,0.34786561129443594,Blackhole
801063,2841,1,801100,0.0,1,25,0,0,0,0,0,0,0,0,0.0,0,0.004453848720657806,Blackhole
603028,2832,1,603028,0.0,1,24,0,0,0,0,0,0,0,0,0.0,0,0.004550411850069778,Blackhole
307803,2278,1,307855,0.0,1,7,0,10,1,0,0,0,974,0,0.0,0,0.02648411525120279,Blackhole
2667524,3177,1,2667610,0.0,1,9,0,0,0,0,0,0,0,0,0.0,0,0.00429,Blackhole
105486,274,1,105486,0.0,1,6,0,18,1,0,0,0,1132,0,0.0,0,0.0071793775595231524,Blackhole
503612,1963,1,503658,0.0,1,26,0,0,0,0,0,0,0,0,0.0,0,0.2216395838848466,Blackhole
606023,2700,1,606045,0.0,1,26,0,0,0,0,0,0,0,0,0.0,0,0.00447403836171058,Blackhole
208125,1356,1,208125,0.0,1,7,0,12,1,0,0,0,1026,0,0.0,0,0.007022479093280575,Blackhole
307033,2128,1,307047,0.0,1,5,0,15,1,0,0,0,1068,0,0.0,0,0.02753172369806712,Blackhole
506070,2027,1,506100,0.0,1,25,0,0,0,0,0,0,0,0,0.0,0,0.004477406281885158,Blackhole
307022,2087,1,307022,0.0,1,5,0,15,1,0,0,0,1068,0,0.0,0,0.006732817367308732,Blackhole
1032959,3446,1,1032982,0.0,1,26,0,0,0,0,0,0,0,0,0.0,0,0.004475613529496222,Blackhole
1727971,2278,1,1728056,0.0,1,9,0,0,0,0,0,0,0,0,0.0,0,0.004298519130700466,Blackhole
506043,2253,1,506100,0.0,1,26,0,0,0,0,0,0,0,0,0.0,0,0.0045,Blackhole
107802,389,1,107802,0.0,1,1,0,2,0,0,0,0,398,0,0.0,0,0.006853838769871849,Blackhole
504040,1853,1,504100,0.0,1,26,0,0,0,0,0,0,0,0,0.0,0,0.013598185283748065,Blackhole
208455,1373,1,208455,0.0,1,5,0,12,1,0,0,0,981,0,0.0,0,1.337349289881585,Blackhole
604029,3503,1,604030,0.0,1,25,0,0,0,0,0,0,0,0,0.0,0,0.004660330507329006,Blackhole
207668,1368,1,207668,0.0,1,4,0,14,1,0,0,0,1034,0,0.0,0,0.007171690025276264,Blackhole
205798,1207,1,205798,0.0,1,4,0,20,1,0,0,0,1149,0,0.0,0,0.007137534325188823,Blackhole
603013,3249,1,603077,0.0,1,25,0,0,0,0,0,0,0,0,0.0,0,0.00459849170870212,Blackhole
406073,2198,1,406084,0.0,1,18,0,0,0,0,0,0,0,0,0.0,0,0.005113238312521866,Blackhole
603019,3028,1,603061,0.0,1,24,0,0,0,0,0,0,0,0,0.0,0,0.004568211811394502,Blackhole
307023,2135,1,307058,0.0,1,5,0,13,1,0,0,0,1040,0,0.0,0,0.05157631569020394,Blackhole
407036,2712,1,407064,0.0,1,6,0,3,1,0,0,0,543,0,0.0,0,0.7127512965310421,Blackhole
102154,107,1,102154,0.0,1,1,0,55,1,0,0,0,1277,0,0.0,0,0.007347872001050093,Blackhole
306403,1693,1,306443,0.0,1,17,0,6,0,0,0,0,412,0,0.0,0,0.006193351000622019,Blackhole
805331,3266,1,805333,0.0,1,26,0,0,0,0,0,0,0,0,0.0,0,0.00448,Blackhole
508849,3323,1,508903,0.0,1,25,0,0,0,0,0,0,47,0,0.0,0,0.317243575570643,Blackhole
903589,3076,1,903629,0.0,1,26,0,0,0,0,0,0,0,0,0.0,0,0.0044852969936555395,Blackhole
903012,3002,1,903083,0.0,1,26,0,0,0,0,0,0,0,0,0.0,0,0.004509336925635794,Blackhole
212668,1603,1,212668,0.0,1,7,0,4,1,0,0,0,688,0,0.0,0,1.1551129387524859,Blackhole
903056,3429,1,903100,0.0,1,26,0,0,0,0,0,0,0,0,0.0,0,0.004463671362535612,Blackhole
606068,2484,1,606081,0.0,1,26,0,0,0,0,0,0,0,0,0.0,0,0.004454033097500309,Blackhole
802086,3305,1,802088,0.0,1,26,0,0,0,0,0,0,0,0,0.0,0,0.004276172210551703,Blackhole
603014,3503,1,603100,0.0,1,26,0,0,0,0,0,0,0,0,0.0,0,0.004654754036697778,Blackhole
603721,3487,1,603721,0.0,1,25,0,0,0,0,0,0,0,0,0.0,0,0.00466,Blackhole
404206,1688,1,404241,0.0,1,25,0,0,0,0,0,0,0,0,0.0,0,0.09865147991521328,Blackhole
112053,603,1,112098,0.0,1,3,0,7,0,0,0,0,382,0,0.0,0,0.09892003135823156,Blackhole
501074,2353,1,501086,0.0,1,12,0,0,0,0,0,0,187,0,0.0,0,0.0058429106734419365,Blackhole
701365,2675,1,701368,0.0,1,25,0,0,0,0,0,0,0,0,0.0,0,0.004474442523378099,Blackhole
306822,1938,1,306834,0.0,1,8,0,8,0,0,0,0,777,0,0.0,0,0.006378555721836404,Blackhole
804666,2885,1,804751,0.0,1,25,0,0,0,0,0,0,0,0,0.0,0,0.004473026680254165,Blackhole
806055,2853,1,806100,0.0,1,24,0,0,0,0,0,0,0,0,0.0,0,0.004488076468978172,Blackhole
307967,2288,1,308034,0.0,1,7,0,4,1,0,0,0,659,0,0.0,0,0.0065664313958693765,Blackhole
502036,2545,1,502100,0.0,1,25,0,1,0,0,0,0,248,0,0.0,0,0.4728276322055057,Blackhole
206024,1225,1,206024,0.0,1,5,0,21,1,0,0,0,1157,0,0.0,0,0.0070851775135052746,Blackhole
105049,253,1,105049,0.0,1,5,0,19,1,0,0,0,1142,0,0.0,0,0.007161097686232047,Blackhole
902031,2985,1,902100,0.0,1,26,0,0,0,0,0,0,0,0,0.0,0,0.004466756901170393,Blackhole
603024,3227,1,603024,0.0,1,26,0,0,0,0,0,0,0,0,0.0,0,0.004620282417886116,Blackhole
404864,2500,1,404873,0.0,1,8,0,1,1,0,0,0,341,0,0.0,0,0.37354695029184504,Blackhole
507083,3207,1,507094,0.0,1,25,0,0,0,0,0,0,0,0,0.0,0,0.4879139930445898,Blackhole
303806,1242,1,303883,0.0,1,15,0,0,0,0,0,0,0,0,0.0,0,0.4096192824372594,Blackhole
805026,2994,1,805100,0.0,1,25,0,0,0,0,0,0,0,0,0.0,0,0.00448,Blackhole
806074,3100,1,806079,0.0,1,25,0,0,0,0,0,0,0,0,0.0,0,0.0044782504507290405,Blackhole
305983,1453,1,306046,0.0,1,24,0,0,0,0,0,0,9,0,0.0,0,0.005826776029534814,Blackhole
804019,3188,1,804051,0.0,1,26,0,0,0,0,0,0,0,0,0.0,0,0.00447033271782542,Blackhole
509023,3353,1,509100,0.0,1,24,0,0,0,0,0,0,0,0,0.0,0,0.2919435246186649,Blackhole
1102001,3552,1,1102001,0.0,1,25,0,0,0,0,0,0,0,0,0.0,0,0.0044401123890072626,Blackhole
307046,2197,1,307096,0.0,1,5,0,9,1,0,0,0,928,0,0.0,0,0.08552957390298775,Blackhole
119003,953,1,119003,0.0,1,5,0,35,1,0,0,0,1042,0,0.0,0,0.007226502392783574,Blackhole
404183,1682,1,404217,0.0,1,25,0,0,0,0,0,0,0,0,0.0,0,0.08250861632311235,Blackhole
203021,819,1,203100,0.0,1,9,0,4,0,0,0,0,182,0,0.0,0,1.463469266620135,Blackhole
405314,1861,1,405378,0.0,1,23,0,0,0,0,0,0,0,0,0.0,0,0.4839756489479323,Blackhole
101386,67,1,101386,0.0,1,0,0,42,1,0,0,0,1271,0,0.0,0,0.0038091858020380498,Blackhole
112060,603,1,112060,0.0,1,3,0,48,1,0,0,0,1256,0,0.0,0,0.0073539323941805125,Blackhole
502028,2953,1,502100,0.0,1,14,0,3,0,0,0,0,547,0,0.0,0,0.006398047546801979,Blackhole
208655,1403,1,208655,0.0,1,5,0,14,1,0,0,0,1052,0,0.0,0,0.006952028657204986,Blackhole
504082,1941,1,504100,0.0,1,26,0,0,0,0,0,0,0,0,0.0,0,0.04813753227309814,Blackhole
601197,1876,1,601249,0.0,1,22,0,0,0,0,0,0,0,0,0.0,0,0.004436148551802802,Blackhole
506082,2065,1,506100,0.0,1,26,0,0,0,0,0,0,0,0,0.0,0,0.004462574600231162,Blackhole
504281,3024,1,504314,0.0,1,20,0,0,0,0,0,0,51,0,0.0,0,1.5323888892289543,Blackhole
502022,2588,1,502100,0.0,1,17,0,0,0,0,0,0,0,0,0.0,0,0.005393203791505635,Blackhole
2526801,3028,1,2526894,0.0,1,9,0,0,0,0,0,0,0,0,0.0,0,0.004295806866214365,Blackhole
704428,2897,1,704472,0.0,1,25,0,0,0,0,0,0,0,0,0.0,0,0.24870849835849138,Blackhole
603007,3496,1,603095,0.0,1,25,0,0,0,0,0,0,0,0,0.0,0,0.0046322173475195115,Blackhole
407032,2655,1,407098,0.0,1,7,0,3,1,0,0,0,543,0,0.0,0,1.6947751998267797,Blackhole
110609,531,1,110666,0.0,1,7,0,12,1,0,0,0,968,0,0.0,0,0.28451876332316905,Blackhole
504043,2061,1,504100,0.0,1,26,0,0,0,0,0,0,0,0,0.0,0,0.004506946361396556,Blackhole
213082,1627,1,213082,0.0,1,8,0,5,1,0,0,0,719,0,0.0,0,2.0845486886892566,Blackhole
603022,3453,1,603056,0.0,1,26,0,0,0,0,0,0,0,0,0.0,0,0.004664484241429862,Blackhole
105077,253,1,105077,0.0,1,3,0,19,1,0,0,0,1140,0,0.0,0,0.007259334895513298,Blackhole
1101188,3511,1,1101259,0.0,1,23,0,0,0,0,0,0,0,0,0.0,0,0.004472962989892906,Blackhole
505077,3081,1,505100,0.0,1,22,0,0,0,0,0,0,236,0,0.0,0,1.051368408820404,Blackhole
208033,1353,1,208033,0.0,1,6,0,10,1,0,0,0,954,0,0.0,0,1.1227063911021642,Blackhole
602068,1331,1,602100,0.0,1,12,0,0,0,0,0,0,0,0,0.0,0,0.004332188087659839,Blackhole
606069,2316,1,606100,0.0,1,26,0,0,0,0,0,0,0,0,0.0,0,0.004460994063537485,Blackhole
118498,927,1,118498,0.0,1,4,0,45,1,0,0,0,1167,0,0.0,0,0.5686152288576047,Blackhole
501767,2723,1,501820,0.0,1,24,0,1,0,0,0,0,297,0,0.0,0,0.5649061414939108,Blackhole
307342,2164,1,307358,0.0,1,5,0,15,1,0,0,0,1077,0,0.0,0,0.006728339938688712,Blackhole
207557,1330,1,207557,0.0,1,4,0,15,1,0,0,0,1019,0,0.0,0,1.232613275995851,Blackhole
406550,2195,1,406591,0.0,1,17,0,1,0,0,0,0,266,0,0.0,0,0.8571642033117546,Blackhole
604457,3553,1,604463,0.0,1,25,0,0,0,0,0,0,0,0,0.0,0,0.005075490836722502,Blackhole
601048,3039,1,601100,0.0,1,25,0,0,0,0,0,0,0,0,0.0,0,0.004614916872650995,Blackhole
107048,353,1,107048,0.0,1,2,0,6,0,0,0,0,453,0,0.0,0,0.006435193728659184,Blackhole
202067,659,1,202100,0.0,1,7,0,18,0,0,0,0,1049,0,0.0,0,0.006225436729638802,Blackhole
506517,3178,1,506613,0.0,1,24,0,0,0,0,0,0,0,0,0.0,0,0.16640193641936465,Blackhole
207915,1348,1,207915,0.0,1,4,0,9,1,0,0,0,914,0,0.0,0,2.053861575771407,Blackhole
901594,3231,1,901619,0.0,1,26,0,0,0,0,0,0,0,0,0.0,0,0.00447,Blackhole
1004414,3370,1,1004450,0.0,1,26,0,0,0,0,0,0,0,0,0.0,0,0.00449,Blackhole
501043,2003,1,501100,0.0,1,24,0,1,0,0,0,0,192,0,0.0,0,0.004920107746623149,Blackhole
206352,1286,1,206352,0.0,1,3,0,26,1,0,0,0,1197,0,0.0,0,0.007229932278210107,Blackhole
702870,2464,1,702954,0.0,1,25,0,0,0,0,0,0,0,0,0.0,0,0.004458149946095686,Blackhole
1256058,2244,1,1256062,0.0,1,12,0,0,0,0,0,0,0,0,0.0,0,0.004324527790236234,Blackhole
602027,2779,1,602050,0.0,1,16,0,7,0,0,0,0,540,0,0.0,0,0.005486637438833953,Blackhole
506074,2124,1,506100,0.0,1,25,0,0,0,0,0,0,0,0,0.0,0,0.004487160125976275,Blackhole
1002539,3376,1,1002562,0.0,1,25,0,0,0,0,0,0,0,0,0.0,0,0.004452314459856937,Blackhole
405017,2094,1,405100,0.0,1,8,0,0,0,0,0,0,230,0,0.0,0,0.03512758538982291,Blackhole
806069,2855,1,806100,0.0,1,24,0,0,0,0,0,0,0,0,0.0,0,0.00447,Blackhole
509059,3353,1,509100,0.0,1,24,0,0,0,0,0,0,0,0,0.0,0,0.21087868794154382,Blackhole
902782,3089,1,902820,0.0,1,26,0,0,0,0,0,0,0,0,0.0,0,0.004474408793164065,Blackhole
1101129,3508,1,1101205,0.0,1,23,0,0,0,0,0,0,0,0,0.0,0,0.00447533976089065,Blackhole
602069,2493,1,602075,0.0,1,21,0,3,0,0,0,0,272,0,0.0,0,0.004989608076727223,Blackhole
115954,798,1,115954,0.0,1,2,0,21,1,0,0,0,1161,0,0.0,0,2.1259573080896588,Blackhole
806065,3018,1,806100,0.0,1,24,0,0,0,0,0,0,0,0,0.0,0,0.00447,Blackhole
702483,2651,1,702547,0.0,1,26,0,0,0,0,0,0,0,0,0.0,0,0.21954190389502584,Blackhole
603015,3495,1,603055,0.0,1,26,0,0,0,0,0,0,0,0,0.0,0,0.004651445849383417,Blackhole
106979,351,1,106979,0.0,1,5,0,17,1,0,0,0,1105,0,0.0,0,0.007318819895022963,Blackhole
117177,860,1,117177,0.0,1,4,0,20,1,0,0,0,1119,0,0.0,0,0.00733869806159908,Blackhole
803373,3155,1,803376,0.0,1,26,0,0,0,0,0,0,0,0,0.0,0,0.004473056970192872,Blackhole
901835,3281,1,901842,0.0,1,25,0,0,0,0,0,0,0,0,0.0,0,0.07874966399997664,Blackhole
502023,2657,1,502100,0.0,1,16,0,0,0,0,0,0,0,0,0.0,0,0.005479504697491584,Blackhole
407594,2319,1,407644,0.0,1,21,0,1,0,0,0,0,261,0,0.0,0,0.005004720125723685,Blackhole
601062,2065,1,601100,0.0,1,25,0,0,0,0,0,0,0,0,0.0,0,0.004472546262658119,Blackhole
501043,2003,1,501100,0.0,1,24,0,1,0,0,0,0,328,0,0.0,0,0.005385873871734381,Blackhole
105071,253,1,105071,0.0,1,3,0,20,1,0,0,0,1144,0,0.0,0,0.0072490949198508415,Blackhole
905954,3146,1,905960,0.0,1,26,0,0,0,0,0,0,0,0,0.0,0,0.0044713996633037835,Blackhole
704088,2953,1,704100,0.0,1,25,0,0,0,0,0,0,0,0,0.0,0,0.36616319597036795,Blackhole
1003662,3473,1,1003682,0.0,1,25,0,0,0,0,0,0,0,0,0.0,0,0.004464178374352307,Blackhole
805719,2869,1,805771,0.0,1,24,0,0,0,0,0,0,0,0,0.0,0,0.004473288564831759,Blackhole
405699,1878,1,405741,0.0,1,19,0,0,0,0,0,0,86,0,0.0,0,0.0051004589316423635,Blackhole
303584,1452,1,303606,0.0,1,11,0,2,0,0,0,0,404,0,0.0,0,0.006108501086334894,Blackhole
502744,2917,1,502765,0.0,1,8,0,4,1,0,0,0,607,0,0.0,0,0.00637724649414703,Blackhole
508361,3251,1,508422,0.0,1,25,0,0,0,0,0,0,163,0,0.0,0,0.005076793018529682,Blackhole
2486723,3030,1,2486815,0.0,1,9,0,0,0,0,0,0,0,0,0.0,0,0.004291513302050754,Blackhole
109792,489,1,109822,0.0,1,7,0,1,1,0,0,0,282,0,0.0,0,0.341374812305306,Blackhole
505028,2252,1,505100,0.0,1,24,0,0,0,0,0,0,70,0,0.0,0,0.3148132733143697,Blackhole
1146753,2748,1,1146753,0.0,1,18,0,0,0,0,0,0,0,0,0.0,0,0.004377394796767107,Blackhole
117659,882,1,117659,0.0,1,5,0,3,1,0,0,0,595,0,0.0,0,0.007309244289944654,Blackhole
107627,382,1,107627,0.0,1,3,0,8,1,0,0,0,778,0,0.0,0,0.007267780277080165,Blackhole
119001,953,1,119001,0.0,1,5,0,18,1,0,0,0,868,0,0.0,0,0.007244627583384332,Blackhole
505056,3072,1,505100,0.0,1,23,0,0,0,0,0,0,93,0,0.0,0,0.9576689570546743,Blackhole
504088,1944,1,504100,0.0,1,26,0,0,0,0,0,0,0,0,0.0,0,0.004472447825412007,Blackhole
112053,603,1,112054,0.0,1,3,0,52,0,0,0,0,1265,0,0.0,0,0.008084571002357063,Blackhole
903052,3251,1,903100,0.0,1,26,0,0,0,0,0,0,0,0,0.0,0,0.004472557888298973,Blackhole
202840,1044,1,202905,0.0,1,5,0,0,0,0,0,0,93,0,0.0,0,0.07431127420731284,Blackhole
702061,2631,1,702067,0.0,1,26,0,0,0,0,0,0,0,0,0.0,0,0.0044885811816600014,Blackhole
806073,3033,1,806084,0.0,1,25,0,0,0,0,0,0,0,0,0.0,0,0.004476032161727861,Blackhole
1101064,3505,1,1101145,0.0,1,23,0,0,0,0,0,0,0,0,0.0,0,0.004477969258758424,Blackhole
506047,2230,1,506100,0.0,1,26,0,0,0,0,0,0,0,0,0.0,0,0.004495464685958026,Blackhole
403100,1604,1,403127,0.0,1,24,0,0,0,0,0,0,0,0,0.0,0,0.00447,Blackhole
202469,695,1,202521,0.0,1,8,0,13,1,0,0,0,715,0,0.0,0,0.7537939730968086,Blackhole
202458,1018,1,202538,0.0,1,6,0,0,0,0,0,0,0,0,0.0,0,0.07046437524003987,Blackhole
508701,3303,1,508772,0.0,1,24,0,0,0,0,0,0,79,0,0.0,0,0.004856623534764024,Blackhole
403049,1734,1,403100,0.0,1,19,0,0,0,0,0,0,178,0,0.0,0,0.005034422588056539,Blackhole
502886,2953,1,502944,0.0,1,16,0,2,0,0,0,0,0,0,0.0,0,1.2810020449476593,Blackhole
119045,953,1,119045,0.0,1,6,0,23,1,0,0,0,1167,0,0.0,0,0.007220726364467579,Blackhole
601846,3478,1,601855,0.0,1,9,0,12,0,0,0,0,906,0,0.0,0,0.006203637643807628,Blackhole
603027,2735,1,603040,0.0,1,24,0,0,0,0,0,0,0,0,0.0,0,0.004528147399619482,Blackhole
803798,2890,1,803849,0.0,1,26,0,0,0,0,0,0,0,0,0.0,0,0.0044625025136051585,Blackhole
702068,2835,1,702072,0.0,1,25,0,0,0,0,0,0,0,0,0.0,0,0.0045076699159342344,Blackhole
506060,2043,1,506100,0.0,1,25,0,0,0,0,0,0,0,0,0.0,0,0.004479097965440197,Blackhole
601037,2651,1,601100,0.0,1,25,0,0,0,0,0,0,0,0,0.0,0,0.005099567899012549,Blackhole
202052,750,1,202100,0.0,1,7,0,12,0,0,0,0,721,0,0.0,0,0.021359036006157905,Blackhole
1101006,3503,1,1101021,0.0,1,22,0,0,0,0,0,0,0,0,0.0,0,0.004471721309962124,Blackhole
507002,3166,1,507100,0.0,1,24,0,0,0,0,0,0,0,0,0.0,0,0.005536733650914679,Blackhole
111984,599,1,111986,0.0,1,3,0,51,1,0,0,0,1236,0,0.0,0,0.0208230243767229,Blackhole
504034,2015,1,504100,0.0,1,26,0,0,0,0,0,0,0,0,0.0,0,0.18240901112582109,Blackhole
403068,1737,1,403100,0.0,1,21,0,0,0,0,0,0,124,0,0.0,0,0.004789113388475798,Blackhole
305837,1423,1,305905,0.0,1,23,0,0,0,0,0,0,0,0,0.0,0,0.005823887600679897,Blackhole
307435,2155,1,307456,0.0,1,6,0,10,1,0,0,0,972,0,0.0,0,0.006505886460949433,Blackhole
117040,853,1,117040,0.0,1,4,0,5,1,0,0,0,712,0,0.0,0,1.5423116148190996,Blackhole
301073,1068,1,301073,0.0,12,25,0,0,0,0,0,0,0,13,154.0233825962892,0,2.6305746286045673,Flooding
601009,846,1,601009,0.0,5,27,0,0,0,0,0,0,0,13,159.31297,0,0.2175258606540988,Flooding
202045,563,1,202045,0.0,18,28,0,0,0,1,0,0,203,13,159.39126371001223,0,1.2334364243526075,Flooding
601004,803,1,601004,0.0,28,28,0,0,0,0,0,0,0,13,171.18940382929495,0,0.23775465612543514,Flooding
306089,913,1,306089,0.0,20,28,0,0,0,0,0,0,0,13,107.19446079117957,0,0.5945230204205687,Flooding
203072,850,1,203072,0.0,8,20,0,0,0,0,0,0,0,13,135.3486877185583,0,0.3906471163470856,Flooding
301044,403,1,301044,0.0,14,25,0,0,0,0,0,0,0,13,96.2724828113436,0,0.2701495151246489,Flooding
602061,803,1,602061,0.0,25,28,0,0,0,0,0,0,0,13,145.01920532324084,0,0.2307653298693291,Flooding
501897,703,1,501897,0.0,22,26,0,0,0,0,0,0,0,13,156.53095577413052,0,0.21999210058774635,Flooding
104026,203,1,104026,0.0,10,23,0,1,0,0,0,0,203,76,81.37815135827373,0,1.8959833015349725,Flooding
107087,353,1,107087,0.0,7,22,0,0,0,0,0,0,0,13,128.97689337599013,0,2.6275513259962846,Flooding
301091,463,1,301091,0.0,12,20,0,0,0,0,0,0,0,13,113.13672901933285,0,0.20990400485276817,Flooding
103015,153,1,103015,0.0,11,15,0,2,0,0,0,0,346,92,164.01495513030494,0,1.7107807524959933,Flooding
303837,813,1,303837,0.0,9,28,0,0,0,0,0,0,0,13,96.03481732060435,0,0.550247424490551,Flooding
301043,403,1,301043,0.0,14,25,0,0,0,0,0,0,0,13,95.21111334552425,0,0.2719318331571328,Flooding
701210,864,1,701210,0.0,24,28,0,0,0,0,0,0,0,13,106.55970766750188,0,0.20628357317766574,Flooding
106022,303,1,106022,0.0,8,25,0,0,0,0,0,0,133,75,108.6192378578058,0,2.7504877362596134,Flooding
303072,1153,1,303072,0.0,4,28,0,0,0,0,0,0,0,13,95.64277526293681,0,2.583181669370965,Flooding
301045,1053,1,301045,0.0,17,28,0,0,0,1,0,0,0,13,120.18929728996349,0,3.044684539802864,Flooding
104009,203,1,104009,0.0,14,27,0,0,0,1,0,0,142,13,149.58769011850035,0,1.4963230428788377,Flooding
301056,1053,1,301056,0.0,20,28,0,0,0,1,0,0,0,13,149.4955868739437,0,3.292077252911219,Flooding
111779,588,1,111779,0.0,4,13,0,22,1,0,0,0,1046,68,123.16390233198058,0,2.528264157743195,Flooding
304053,852,1,304053,0.0,18,23,0,4,0,0,0,0,716,143,201.8832818114111,0,3.1030675083134835,Flooding
602052,820,1,602052,0.0,22,28,0,0,0,0,0,0,0,13,107.44327392714388,0,0.22172106117343165,Flooding
302085,963,1,302085,0.0,6,23,0,0,0,0,0,0,0,13,98.77869762040856,0,1.1669026832316947,Flooding
801089,969,1,801089,0.0,4,28,0,0,0,0,0,0,0,13,119.00974180059703,0,0.215971929280013,Flooding
401009,626,1,401009,0.0,13,22,0,0,0,0,0,0,0,13,159.31297,0,0.21966158646973882,Flooding
302092,851,1,302092,0.0,5,24,0,0,0,0,0,0,0,13,95.78625294261263,0,0.6515280307438043,Flooding
202061,499,1,202061,0.0,16,28,0,0,0,0,0,0,0,13,182.6663158143078,0,1.6236030930782044,Flooding
801088,953,1,801088,0.0,12,28,0,0,0,0,0,0,0,13,88.47785,0,0.21995,Flooding
105090,253,1,105090,0.0,26,4,0,6,1,0,0,0,617,149,110.81181700727923,0,2.049359093802009,Flooding
601024,761,1,601024,0.0,14,28,0,0,0,0,0,0,0,13,61.496828929059376,0,0.21786250797838444,Flooding
303837,792,1,303837,0.0,12,28,0,0,0,0,0,0,0,13,96.03756373968466,0,0.7894497771581039,Flooding
801487,1053,1,801487,0.0,19,28,0,0,0,0,0,0,0,13,185.81764292835828,0,0.2704503809195236,Flooding
602048,803,1,602048,0.0,41,28,0,0,0,0,0,0,0,13,136.57793843530823,0,0.23971728379425086,Flooding
107073,353,1,107073,0.0,40,28,0,0,0,1,0,0,383,13,132.95244437770702,0,0.9671586791175779,Flooding
306054,940,1,306054,0.0,14,28,0,0,0,0,0,0,0,13,125.41661215066077,0,0.6347251115975,Flooding
502069,715,1,502069,0.0,16,11,0,0,0,0,0,0,0,13,93.93772,0,0.22282937521256774,Flooding
109074,453,1,109074,0.0,7,19,0,0,0,0,0,0,54,13,99.67053172883143,0,1.3968030945354741,Flooding
209072,953,1,209072,0.0,5,28,0,0,0,1,0,0,0,13,100.71842836234319,0,2.299677074336403,Flooding
601068,845,1,601068,0.0,9,21,0,0,0,0,0,0,0,13,98.38405968923682,0,0.2223599718402147,Flooding
601069,803,1,601069,0.0,11,28,0,0,0,0,0,0,0,13,93.92538334210417,0,0.22000284698883835,Flooding
201034,406,1,201034,0.0,10,20,0,0,0,0,0,0,259,177,102.61826181559279,0,1.755571406475586,Flooding
110053,503,1,110053,0.0,5,21,0,0,0,0,0,0,5,18,199.56541649142952,0,0.5388423495608641,Flooding
301055,1011,1,301055,0.0,5,23,0,1,0,0,0,0,0,5,55.91697382665593,0,0.1514226028747558,Flooding
801052,1051,1,801052,0.0,13,28,0,0,0,0,0,0,0,13,200.52625265383483,0,0.28560040617171933,Flooding
306058,903,1,306058,0.0,17,28,0,0,0,0,0,0,0,13,132.52327035833034,0,0.6389134448514908,Flooding
306062,1049,1,306062,0.0,23,28,0,0,0,0,0,0,0,13,114.46883387468807,0,0.7312600113224756,Flooding
801034,987,1,801034,0.0,14,28,0,0,0,0,0,0,0,13,136.6957023455361,0,0.21943947091133392,Flooding
701593,853,1,701593,0.0,25,26,0,0,0,0,0,0,0,13,123.96292,0,0.23354323831252186,Flooding
801052,975,1,801052,0.0,13,28,0,0,0,0,0,0,0,13,120.1966241965147,0,0.2196141626265702,Flooding
109072,453,1,109072,0.0,15,18,0,1,0,0,0,0,308,119,111.19106408031475,0,2.428569696567961,Flooding
601080,803,1,601080,0.0,13,28,0,0,0,0,0,0,0,13,90.70167293819262,0,0.22074679787208804,Flooding
702094,907,1,702094,0.0,14,28,0,0,0,0,0,0,0,13,105.36268257382426,0,0.20420034013589514,Flooding
109088,453,1,109088,0.0,9,13,0,16,0,0,0,0,465,18,106.4786986472377,0,1.9081707618565316,Flooding
204062,589,1,204062,0.0,16,11,0,5,1,0,0,0,543,179,121.85956600087817,0,2.2775786572300967,Flooding
301021,872,1,301021,0.0,4,23,0,0,0,0,0,0,0,13,154.73120728653942,0,0.8651466683399816,Flooding
104012,203,1,104012,0.0,12,27,0,0,0,1,0,0,73,13,104.02276482869955,0,1.2150376198179937,Flooding
301077,1053,1,301077,0.0,15,28,0,0,0,1,0,0,0,13,165.72464906750355,0,3.4144259464432123,Flooding
401038,1052,1,401038,0.0,10,24,0,0,0,0,0,0,0,13,157.53578022576258,0,0.4949749028605498,Flooding
602059,812,1,602059,0.0,65,28,0,0,0,0,0,0,0,13,86.77762685810939,0,0.22750491019159558,Flooding
602065,803,1,602065,0.0,26,28,0,0,0,0,0,0,0,13,141.9721258343958,0,0.22841554911410056,Flooding
301007,460,1,301007,0.0,73,28,0,0,0,0,0,0,204,13,162.62873637395873,0,1.0393077795901917,Flooding
501001,703,1,501001,0.0,14,26,0,0,0,0,0,0,0,13,181.31284,0,0.24870606207954077,Flooding
601009,837,1,601009,0.0,8,27,0,0,0,0,0,0,0,13,159.31297,0,0.21805339901826917,Flooding
302027,631,1,302027,0.0,16,28,0,0,0,0,0,0,0,13,61.69338370497736,0,0.33696828747591157,Flooding
205063,753,1,205063,0.0,14,27,0,0,0,0,0,0,0,13,129.119985172325,0,1.3516241801989448,Flooding
111040,553,1,111040,0.0,19,4,0,11,1,0,0,0,927,79,156.32223813574115,0,2.4868883181290418,Flooding
302062,960,1,302062,0.0,7,23,0,0,0,0,0,0,0,13,115.29328026761195,0,0.5620767996708187,Flooding
109041,453,1,109041,0.0,9,17,0,0,0,0,0,0,195,197,159.65694509163626,0,3.339073224874638,Flooding
201071,453,1,201071,0.0,12,27,0,0,0,1,0,0,0,13,121.35957234907167,0,1.1365228227310935,Flooding
204037,567,1,204037,0.0,22,27,0,0,0,0,0,0,312,34,93.60236217999253,0,1.1700638659331362,Flooding
108152,405,1,108152,0.0,9,18,0,1,0,0,0,0,397,194,121.91134387367237,0,1.7940136968967868,Flooding
301025,503,1,301025,0.0,17,28,0,0,0,0,0,0,0,13,158.5121163963923,0,0.934129851641854,Flooding
202043,454,1,202043,0.0,13,28,0,0,0,0,0,0,123,13,183.05105194485978,0,1.1025054024385879,Flooding
105031,253,1,105031,0.0,5,21,0,8,1,0,0,0,201,201,85.73384913988426,0,2.2586250482437835,Flooding
401061,1067,1,401061,0.0,17,25,0,0,0,0,0,0,0,13,103.10469078229359,0,0.5103592436298211,Flooding
801088,953,1,801088,0.0,12,28,0,0,0,0,0,0,0,13,88.47785,0,0.21995,Flooding
107071,353,1,107071,0.0,11,26,0,3,0,0,0,0,227,24,103.28746334355044,0,2.621941828089867,Flooding
601047,803,1,601047,0.0,22,28,0,0,0,0,0,0,0,13,146.43253985410675,0,0.24141454223615932,Flooding
107045,353,1,107045,0.0,15,12,0,4,0,0,0,0,330,29,141.90564107755293,0,2.514541083829693,Flooding
201072,453,1,201072,0.0,17,27,0,0,0,0,0,0,0,13,126.41658181931058,0,1.0454295012258277,Flooding
107059,353,1,107059,0.0,15,28,0,0,0,1,0,0,0,13,182.08506309053294,0,1.2741555057709322,Flooding
209088,953,1,209088,0.0,5,28,0,0,0,1,0,0,0,13,90.85889585903111,0,1.8128553519727149,Flooding
602071,803,1,602071,0.0,51,28,0,0,0,0,0,0,0,13,115.68863865655445,0,0.2266531791128027,Flooding
305072,903,1,305072,0.0,18,28,0,0,0,0,0,0,0,13,93.7158467096085,0,1.9645157989953408,Flooding
204022,703,1,204022,0.0,4,24,0,0,0,0,0,0,240,240,79.14065897834142,0,2.894604556734621,Flooding
109031,453,1,109031,0.0,11,18,0,0,0,0,0,0,238,233,174.6412447786892,0,3.752263574349561,Flooding
303062,1153,1,303062,0.0,5,28,0,0,0,0,0,0,0,13,101.12405504520514,0,2.584616785462367,Flooding
302025,626,1,302025,0.0,16,28,0,0,0,0,0,0,0,13,60.53457746869685,0,0.3165117908652305,Flooding
201069,655,1,201069,0.0,11,27,0,0,0,0,0,0,0,13,93.93772,0,0.9202039058880926,Flooding
302087,886,1,302087,0.0,4,28,0,0,0,0,0,0,0,13,108.88575669393113,0,1.2073597369141091,Flooding
702072,867,1,702072,0.0,19,26,0,0,0,0,0,0,0,13,117.58093730608446,0,0.22385481362177714,Flooding
306078,903,1,306078,0.0,17,28,0,0,0,0,0,0,0,13,130.5346145469777,0,0.632601284444652,Flooding
107084,353,1,107084,0.0,13,25,0,0,0,0,0,0,0,13,95.06061693090814,0,2.602037616657348,Flooding
502069,782,1,502069,0.0,20,16,0,0,0,0,0,0,0,13,93.93772,0,0.222249266126878,Flooding
110053,503,1,110053,0.0,9,11,0,13,1,0,0,0,969,90,137.4503986811186,0,2.6869437950339754,Flooding
301055,488,1,301055,0.0,16,27,0,0,0,0,0,0,0,13,113.67246609695603,0,0.4118648810072879,Flooding
210040,1003,1,210040,0.0,13,28,0,0,0,1,0,0,0,13,83.29021886792879,0,1.8704604496844242,Flooding
202053,570,1,202053,0.0,18,28,0,0,0,1,0,0,141,13,165.4033117593848,0,1.4231017560923407,Flooding
402066,636,1,402066,0.0,15,23,0,0,0,0,0,0,0,13,127.96017149442663,0,0.2279031522773192,Flooding
601011,753,1,601011,0.0,9,24,0,0,0,0,0,0,0,13,115.54489278585464,0,0.21737193133785634,Flooding
401080,553,1,401080,0.0,14,27,0,0,0,0,0,0,0,13,139.62101083452083,0,0.23428827433238547,Flooding
801013,1000,1,801013,0.0,14,28,0,0,0,0,0,0,0,13,155.07231521250984,0,0.21924489991815668,Flooding
210011,1003,1,210011,0.0,15,28,0,0,0,1,0,0,0,13,111.588448660665,0,1.9707005289759545,Flooding
109362,467,1,109362,0.0,15,10,0,36,1,0,0,0,1203,40,138.57502252096475,0,2.878478492434454,Flooding
202040,487,1,202040,0.0,19,28,0,0,0,1,0,0,166,13,176.59955248831642,0,0.9054040969411289,Flooding
401022,977,1,401022,0.0,18,28,0,0,0,0,0,0,0,13,139.00087659765384,0,0.6584377476445809,Flooding
601005,803,1,601005,0.0,26,28,0,0,0,0,0,0,0,13,169.17824285055886,0,0.23479548950846482,Flooding
304053,803,1,304053,0.0,6,28,0,0,0,0,0,0,0,13,201.33771496870378,0,2.062330657262665,Flooding
884457,1135,1,884457,0.0,17,28,0,0,0,0,0,0,0,13,195.518437610877,0,0.28236067585232727,Flooding
202053,453,1,202053,0.0,20,28,0,0,0,0,0,0,0,13,201.16453239424018,0,1.1002545774037993,Flooding
107085,353,1,107085,0.0,23,28,0,0,0,1,0,0,207,13,131.44860589514244,0,1.7614729022127658,Flooding
301030,411,1,301030,0.0,20,22,0,0,0,0,0,0,0,13,63.46811760392296,0,0.31506771238249354,Flooding
111057,553,1,111057,0.0,3,15,0,7,1,0,0,0,793,124,135.45831222718323,0,2.745085772085542,Flooding
109340,465,1,109340,0.0,13,14,0,1,0,0,0,0,306,156,125.89572990477463,0,2.3716032878678828,Flooding
112172,608,1,112172,0.0,3,14,0,27,1,0,0,0,889,108,137.04433887855868,0,3.18167100094577,Flooding
306073,937,1,306073,0.0,16,28,0,0,0,0,0,0,0,13,118.10114771626618,0,0.619279801500595,Flooding
202066,511,1,202066,0.0,7,28,0,0,0,0,0,0,0,13,167.9452502895292,0,2.1505135299921347,Flooding
601069,828,1,601069,0.0,8,23,0,0,0,0,0,0,0,13,93.93772,0,0.2202544070384194,Flooding
202034,730,1,202034,0.0,13,25,0,0,0,0,0,0,130,24,148.44994567403413,0,1.1549899027519561,Flooding
103037,153,1,103037,0.0,14,16,0,0,0,0,0,0,0,13,158.07823176399526,0,0.7778651428345411,Flooding
401035,573,1,401035,0.0,16,23,0,0,0,0,0,0,0,13,184.4544275686001,0,0.26043567649161753,Flooding
204052,703,1,204052,0.0,11,27,0,0,0,0,0,0,5,17,153.80324914982793,0,1.415969322925394,Flooding
103551,178,1,103551,0.0,14,27,0,0,0,0,0,0,80,13,127.4920800647374,0,1.3680297261769276,Flooding
306025,940,1,306025,0.0,17,28,0,0,0,0,0,0,0,13,127.49040176891278,0,0.667327921783683,Flooding
105078,253,1,105078,0.0,16,10,0,23,1,0,0,0,305,101,71.6876465509863,0,2.012083845249372,Flooding
302079,973,1,302079,0.0,6,23,0,0,0,0,0,0,0,13,101.25431856879304,0,0.6970569632340917,Flooding
303068,770,1,303068,0.0,17,28,0,0,0,0,0,0,0,13,95.87189808866765,0,1.8085812900236764,Flooding
302033,536,1,302033,0.0,14,28,0,0,0,0,0,0,0,13,67.84627016043483,0,0.21363142901296656,Flooding
302083,843,1,302083,0.0,4,28,0,0,0,0,0,0,0,13,113.34727084168593,0,1.1078813764971258,Flooding
207299,864,1,207299,0.0,12,28,0,0,0,0,0,0,60,13,99.8036693017605,0,1.1075582317192976,Flooding
502051,753,1,502051,0.0,15,16,0,0,0,0,0,0,0,13,129.75757796330763,0,0.23453360872605877,Flooding
502069,731,1,502069,0.0,19,8,0,0,0,0,0,0,0,13,93.93772,0,0.22289440083984186,Flooding
303085,922,1,303085,0.0,4,28,0,0,0,0,0,0,0,13,103.59238932074855,0,1.1210215957687415,Flooding
106047,303,1,106047,0.0,23,28,0,0,0,0,0,0,227,13,100.31761926749368,0,2.4255606726140813,Flooding
602016,852,1,602016,0.0,11,28,0,0,0,0,0,0,0,13,55.37460714318914,0,0.21786275143010797,Flooding
303086,993,1,303086,0.0,4,28,0,0,0,0,0,0,0,13,98.64358271609909,0,1.574110912899065,Flooding
602021,839,1,602021,0.0,17,28,0,0,0,0,0,0,0,13,85.8322652294009,0,0.22591822137880527,Flooding
209041,953,1,209041,0.0,10,28,0,0,0,1,0,0,0,13,148.02072660225383,0,2.7674780783773745,Flooding
502048,715,1,502048,0.0,15,21,0,0,0,0,0,0,0,13,192.73351459129526,0,0.27744671131595244,Flooding
202073,595,1,202073,0.0,7,28,0,0,0,0,0,0,0,13,140.22561903600035,0,2.6621073756892684,Flooding
502066,703,1,502066,0.0,21,25,0,0,0,0,0,0,0,13,157.8339549966169,0,0.24174130607710614,Flooding
302025,547,1,302025,0.0,12,28,0,0,0,0,0,0,0,13,116.0294167082956,0,0.23319691676542412,Flooding
302072,1103,1,302072,0.0,6,28,0,0,0,0,0,0,0,13,123.4295330490178,0,2.586630600594481,Flooding
205980,605,1,205980,0.0,15,28,0,0,0,0,0,0,0,13,129.73878090071113,0,0.4495649991595818,Flooding
301057,545,1,301057,0.0,12,27,0,0,0,0,0,0,0,13,194.45526442389246,0,0.26700761249381283,Flooding
306059,937,1,306059,0.0,23,28,0,0,0,0,0,0,0,13,136.1058499072088,0,0.6328203795604759,Flooding
105085,253,1,105085,0.0,15,11,0,3,0,0,0,0,437,148,129.929014814607,0,3.1101021585390507,Flooding
107059,353,1,107059,0.0,18,14,0,0,0,0,0,0,0,13,152.45439643876443,0,2.0728422549976395,Flooding
108577,428,1,108577,0.0,10,18,0,1,1,0,0,0,323,224,149.85658428985207,0,2.843215909055837,Flooding
202018,471,1,202018,0.0,35,28,0,0,0,1,0,0,474,13,161.60465136071068,0,1.129653413326377,Flooding
303048,783,1,303048,0.0,17,28,0,0,0,0,0,0,0,13,91.07928235486382,0,1.8336800742816866,Flooding
401022,610,1,401022,0.0,17,19,0,0,0,0,0,0,0,13,150.48784227145683,0,0.21830191980241212,Flooding
103135,156,1,103135,0.0,13,28,0,0,0,0,0,0,0,13,91.20801964347999,0,1.1514228341220487,Flooding
401096,560,1,401096,0.0,14,27,0,0,0,0,0,0,0,13,102.66424,0,0.2026012620338391,Flooding
303044,1079,1,303044,0.0,8,28,0,0,0,0,0,0,0,13,101.83816926811438,0,2.4371464705222428,Flooding
201039,520,1,201039,0.0,13,27,0,0,0,1,0,0,214,13,127.35627686006927,0,1.5393792146266145,Flooding
106072,303,1,106072,0.0,19,15,0,1,0,0,0,0,348,120,120.6465541163119,0,2.8962468990035477,Flooding
209011,953,1,209011,0.0,12,28,0,0,0,1,0,0,0,13,140.26741455834267,0,2.6949756409375873,Flooding
501022,738,1,501022,0.0,14,23,0,0,0,0,0,0,0,13,167.94383618248565,0,0.23935972524176619,Flooding
301065,985,1,301065,0.0,4,28,0,0,0,0,0,0,0,13,126.56729614265318,0,0.5844317358789822,Flooding
502037,745,1,502037,0.0,9,26,0,0,0,0,0,0,0,13,170.9814999233898,0,0.25240435531111294,Flooding
302060,1075,1,302060,0.0,7,26,0,0,0,0,0,0,0,13,123.81252855833695,0,2.845210625143438,Flooding
202070,559,1,202070,0.0,10,28,0,0,0,0,0,0,0,13,157.52226152881846,0,2.2898873241904263,Flooding
106056,303,1,106056,0.0,12,25,0,1,0,0,0,0,227,119,97.62545491735797,0,2.823448432388642,Flooding
106021,303,1,106021,0.0,14,27,0,0,0,0,0,0,70,13,108.94925567917292,0,2.3965458229799896,Flooding
201051,394,1,201051,0.0,15,22,0,0,0,0,0,0,138,143,94.64999121843512,0,1.4069194981673905,Flooding
303069,1153,1,303069,0.0,4,28,0,0,0,0,0,0,0,13,97.32809033595811,0,2.5836229208444257,Flooding
202054,422,1,202054,0.0,12,28,0,0,0,0,0,0,0,13,201.93494,0,1.2959076357828163,Flooding
105032,253,1,105032,0.0,5,21,0,1,1,0,0,0,265,236,104.334147319116,0,2.7643609372586857,Flooding
702063,853,1,702063,0.0,22,26,0,0,0,0,0,0,0,13,124.02553167697788,0,0.2328501666835882,Flooding
106064,303,1,106064,0.0,13,14,0,2,1,0,0,0,494,190,122.56829973692157,0,3.4662813233851613,Flooding
105065,253,1,105065,0.0,10,18,0,1,0,0,0,0,331,168,137.47339989518875,0,3.296504833590831,Flooding
501067,699,1,501067,0.0,17,12,0,0,0,0,0,0,0,13,139.25056333270976,0,0.22121511678683778,Flooding
107067,353,1,107067,0.0,14,28,0,0,0,1,0,0,0,13,156.91700160524942,0,1.6370919875429149,Flooding
896976,1147,1,896976,0.0,16,28,0,0,0,0,0,0,0,13,200.0832649519385,0,0.2875108749477288,Flooding
201069,674,1,201069,0.0,8,27,0,0,0,0,0,0,0,13,93.93772,0,0.9548261366510424,Flooding
304027,853,1,304027,0.0,17,23,0,4,0,0,0,0,697,140,199.19340372435704,0,3.0368188781521708,Flooding
201048,558,1,201048,0.0,5,25,0,0,0,0,0,0,137,143,135.34064381169816,0,1.680105634935701,Flooding
204046,703,1,204046,0.0,5,25,0,0,0,0,0,0,135,141,105.3857384382206,0,2.1594276410816526,Flooding
301058,1020,1,301058,0.0,7,28,0,0,0,0,0,0,0,13,116.30518951482847,0,0.8319965939817664,Flooding
304054,836,1,304054,0.0,14,24,0,3,0,0,0,0,481,101,201.93494,0,2.7648439250320966,Flooding
202031,579,1,202031,0.0,17,28,0,0,0,0,0,0,0,13,117.78397988649083,0,2.6891277714854045,Flooding
303087,1153,1,303087,0.0,5,28,0,0,0,0,0,0,0,13,88.58010014450994,0,1.2343197239943164,Flooding
103005,153,1,103005,0.0,10,17,0,3,0,0,0,0,535,136,175.2101044839972,0,2.2290819813250153,Flooding
302009,1103,1,302009,0.0,6,28,0,0,0,0,0,0,0,13,173.44817997892292,0,1.435717671574862,Flooding
602060,803,1,602060,0.0,61,28,0,0,0,0,0,0,0,13,111.83678089248563,0,0.23388174045190263,Flooding
302004,1091,1,302004,0.0,6,28,0,0,0,0,0,0,0,13,178.25854250575406,0,1.3974163868148142,Flooding
502069,718,1,502069,0.0,22,9,0,0,0,0,0,0,0,13,93.93772,0,0.22331071465067814,Flooding
401076,606,1,401076,0.0,19,28,0,0,0,0,0,0,0,13,148.61839149448898,0,0.24248487232033034,Flooding
502040,703,1,502040,0.0,8,25,0,0,0,0,0,0,0,13,177.3759648103904,0,0.2595236800900623,Flooding
901194,1111,1,901194,0.0,26,28,0,0,0,0,0,0,0,13,80.2362757871357,0,0.23177335008543692,Flooding
401081,966,1,401081,0.0,23,28,0,0,0,0,0,0,0,13,98.24176245241173,0,0.6461007016344852,Flooding
302094,813,1,302094,0.0,4,27,0,0,0,0,0,0,0,13,103.59339424097315,0,1.1367048141210825,Flooding
202043,457,1,202043,0.0,13,28,0,0,0,0,0,0,129,13,182.13983194036976,0,1.0875662760385452,Flooding
601058,803,1,601058,0.0,21,28,0,0,0,0,0,0,0,13,130.51882494707803,0,0.23549758395256512,Flooding
109079,453,1,109079,0.0,6,18,0,0,0,0,0,0,35,13,95.64171060247833,0,1.3508937828768268,Flooding
109062,453,1,109062,0.0,15,20,0,18,0,0,0,0,624,19,130.20381726672866,0,2.22745778999331,Flooding
106051,303,1,106051,0.0,17,27,0,0,0,0,0,0,0,13,99.50486929062777,0,2.0756308420821337,Flooding
401005,1678,1,401100,0.0,1,21,0,0,0,0,0,0,0,1,78.10810487877895,0,0.04814139392879944,Grayhole
2215001,2466,1,2215033,0.0,1,9,0,0,0,0,0,0,0,1,80.84924084882809,0,0.014198503585225637,Grayhole
601018,2098,1,601066,0.0,1,26,0,0,0,0,0,0,0,0,0.0,0,0.031247552077450856,Grayhole
605025,2949,1,605100,0.0,1,24,0,0,0,0,0,0,0,0,88.11468218673677,0,0.03577969578077104,Grayhole
603053,2853,1,603100,0.0,1,26,0,0,0,0,0,0,0,2,115.82421143794143,0,0.0562902244853325,Grayhole
606030,2953,1,606100,0.0,1,24,0,0,0,0,0,0,0,0,7.141810444051046,0,0.02587402650645978,Grayhole
101684,82,1,101684,0.0,1,4,0,5,1,0,0,0,749,64,142.91293793661956,0,2.1203900085549097,Grayhole
602072,1890,1,602100,0.0,1,26,0,0,0,0,0,0,0,0,0.0,0,0.03465860374219393,Grayhole
602943,2868,1,602943,0.0,1,26,0,0,0,0,0,0,0,2,121.5933580223995,0,0.06270253801486754,Grayhole
701012,2408,1,701100,0.0,1,26,0,0,0,0,0,0,0,1,69.87839810012757,0,0.10839460185038925,Grayhole
213351,1617,1,213351,0.0,1,3,0,13,1,0,0,0,967,40,131.89180815181302,0,2.118999952827185,Grayhole
118151,908,1,118151,0.0,1,4,0,22,1,0,0,0,1115,34,134.22836066171533,0,2.0757491760982125,Grayhole
609021,3203,1,609100,0.0,1,27,0,0,0,0,0,0,0,1,83.77381807929861,0,0.03849939671353989,Grayhole
605048,2411,1,605100,0.0,1,22,0,0,0,0,0,0,0,0,0.0,0,0.4829259053090358,Grayhole
1801586,2248,1,1801625,0.0,1,7,0,0,0,0,0,0,0,1,136.8135032757054,0,0.01380365733057869,Grayhole
601145,1708,1,601216,0.0,1,26,0,0,0,0,0,0,0,0,0.0,0,0.0294528423299733,Grayhole
405710,2119,1,405710,0.0,1,24,0,0,0,0,0,0,0,2,89.4952288208297,0,0.042014167264898844,Grayhole
701021,1432,1,701033,0.0,1,11,0,0,0,0,0,0,0,0,99.44683891583098,0,0.015655922531561745,Grayhole
118708,935,1,118708,0.0,1,4,0,46,1,0,0,0,1262,14,137.20659248301624,0,2.108114488853031,Grayhole
502036,2353,1,502100,0.0,1,25,0,0,0,0,0,0,0,0,100.45557103999452,0,1.3794349178396692,Grayhole
119055,953,1,119055,0.0,1,6,0,43,1,0,0,0,1056,31,123.80563260002496,0,2.150397345889969,Grayhole
804384,3220,1,804384,0.0,1,26,0,0,0,0,0,0,0,2,108.16813128709398,0,0.03919426510351758,Grayhole
509086,2703,1,509100,0.0,1,26,0,0,0,0,0,0,0,1,113.23932218147915,0,0.0394120554891315,Grayhole
107691,385,1,107745,0.0,1,3,0,9,1,0,0,0,924,52,94.99714280464671,0,2.0571447229421795,Grayhole
1075263,3346,1,1075317,0.0,1,26,0,0,0,0,0,0,0,0,43.311815412757625,0,0.026462464249529513,Grayhole
208852,1428,1,208866,0.0,1,5,0,16,1,0,0,0,1057,35,83.01820125693185,0,2.001816716981335,Grayhole
803036,2959,1,803100,0.0,1,26,0,0,0,0,0,0,0,0,0.0,0,0.02815941982597231,Grayhole
202564,1027,1,202573,0.0,1,5,0,6,1,0,0,0,584,59,81.53445095144052,0,2.165018311387846,Grayhole
2393649,2660,1,2393675,0.0,1,8,0,0,0,0,0,0,0,0,37.42899082613921,0,0.012977252441540715,Grayhole
903299,3166,1,903369,0.0,1,24,0,0,0,0,0,0,0,0,0.0,0,0.024714813591493252,Grayhole
506035,2591,1,506098,0.0,1,26,0,0,0,0,0,0,0,4,111.11983505477795,0,0.04614544693362262,Grayhole
509032,3144,1,509100,0.0,1,25,0,0,0,0,0,0,0,0,23.08065026783061,0,0.04902492522132947,Grayhole
605056,2760,1,605100,0.0,1,23,0,0,0,0,0,0,0,0,0.0,0,0.48835928336189716,Grayhole
802082,3198,1,802100,0.0,1,25,0,0,0,0,0,0,0,0,98.57394569636992,0,0.030311659143320464,Grayhole
602009,2667,1,602061,0.0,1,24,0,0,0,0,0,0,0,1,55.564820289580055,0,0.04490798821528385,Grayhole
510000,3227,1,510004,0.0,1,26,0,0,0,0,0,0,0,1,158.61851029537902,0,0.031932686532136996,Grayhole
805017,2987,1,805100,0.0,1,26,0,0,0,0,0,0,179,91,113.90440998134875,0,0.4437272683291028,Grayhole
108041,403,1,108041,0.0,1,2,0,45,1,0,0,0,1232,18,135.23972865094782,0,2.153296635689163,Grayhole
704029,2803,1,704100,0.0,1,23,0,0,0,0,0,0,0,0,0.0,0,0.5081730369572716,Grayhole
501783,2402,1,501789,0.0,1,24,0,0,0,0,0,0,0,3,87.59054272148546,0,0.06784585468870581,Grayhole
1971555,2571,1,1971555,0.0,1,8,0,0,0,0,0,0,0,1,148.23481105962108,0,0.03264033976010442,Grayhole
606027,2953,1,606100,0.0,1,24,0,0,0,0,0,0,0,0,0.0,0,0.025505086974506798,Grayhole
704014,3279,1,704100,0.0,1,25,0,0,0,0,0,0,0,0,0.0,0,0.17328689264995092,Grayhole
505072,2653,1,505100,0.0,1,26,0,0,0,0,0,0,0,1,94.31525139704895,0,0.036332099989632896,Grayhole
1683801,2364,1,1683896,0.0,1,9,0,0,0,0,0,0,0,1,137.59248,0,0.016907374122697626,Grayhole
603014,3044,1,603100,0.0,1,26,0,0,0,0,0,0,0,1,81.4044704144873,0,0.04237218435344799,Grayhole
801061,2942,1,801100,0.0,1,25,0,0,0,0,0,0,0,1,125.74984069251437,0,0.024216838968418024,Grayhole
939479,2636,1,939541,0.0,1,18,0,0,0,0,0,0,0,1,54.963143101767145,0,0.02447852049359163,Grayhole
902344,2812,1,902419,0.0,1,25,0,0,0,0,0,0,0,0,56.85613385980188,0,0.033917633628495,Grayhole
701009,2307,1,701100,0.0,1,26,0,0,0,0,0,0,0,0,52.49832209775861,0,0.08816515183127664,Grayhole
902582,2929,1,902652,0.0,1,25,0,0,0,0,0,0,0,0,37.4012276337485,0,0.030472713004036027,Grayhole
704076,2443,1,704100,0.0,1,24,0,0,0,0,0,0,0,2,74.96247243894838,0,0.2368145429529015,Grayhole
603038,3195,1,603089,0.0,1,26,0,0,0,0,0,0,0,0,47.36550686300271,0,0.03716747297983715,Grayhole
901008,1637,1,901100,0.0,1,10,0,0,0,0,0,0,0,0,11.090996016761991,0,0.013031627700290416,Grayhole
506651,2716,1,506730,0.0,1,23,0,0,0,0,0,0,0,1,35.601601793957336,0,0.048358710310931745,Grayhole
901072,2348,1,901100,0.0,1,21,0,0,0,0,0,0,0,0,0.0,0,0.015022039393191656,Grayhole
608014,3273,1,608100,0.0,1,26,0,0,0,0,0,0,0,1,165.86631301812008,0,0.035321161461720624,Grayhole
502036,2353,1,502100,0.0,1,25,0,0,0,0,0,0,0,0,52.098408727914595,0,1.493167872701429,Grayhole
702001,3059,1,702083,0.0,1,26,0,0,0,0,0,0,0,0,94.71396457692137,0,0.019126593319026493,Grayhole
1761554,2273,1,1761616,0.0,1,8,0,0,0,0,0,0,0,1,118.00436507437948,0,0.016338119107911282,Grayhole
406019,2129,1,406100,0.0,1,26,0,0,0,0,0,0,0,0,0.0,0,0.04946491448397457,Grayhole
602080,1843,1,602100,0.0,1,26,0,0,0,0,0,0,0,0,0.0,0,0.03482533565122513,Grayhole
405067,2153,1,405082,0.0,1,25,0,0,0,0,0,0,0,2,117.71037139015054,0,0.04736638580818007,Grayhole
2797761,3253,1,2797771,0.0,1,9,0,0,0,0,0,0,0,0,0.0,0,0.00914,Grayhole
605064,3350,1,605100,0.0,1,26,0,0,0,0,0,0,0,0,0.0,0,0.038539150252076236,Grayhole
201362,1045,1,201365,0.0,1,7,0,8,1,0,0,0,856,53,116.64992554427414,0,2.2307481156796127,Grayhole
901091,2603,1,901100,0.0,1,25,0,0,0,0,0,0,0,2,92.46109512893227,0,0.016851725340729002,Grayhole
802083,3297,1,802098,0.0,1,25,0,0,0,0,0,0,0,1,157.97182664090406,0,0.03473064552111983,Grayhole
211466,1525,1,211466,0.0,1,6,0,12,1,0,0,0,974,51,124.62584830664804,0,2.2145162943426464,Grayhole
506254,2672,1,506290,0.0,1,24,0,0,0,0,0,0,0,0,110.1235347255706,0,0.03324909589694096,Grayhole
901694,2635,1,901751,0.0,1,26,0,0,0,0,0,0,0,1,102.2308776055745,0,0.031223874450304917,Grayhole
405007,2153,1,405097,0.0,1,25,0,0,0,0,0,0,0,2,164.49704561050754,0,0.055643019703505284,Grayhole
704983,2850,1,705040,0.0,1,25,0,0,0,0,0,0,0,0,108.16400334599093,0,0.07388397738928049,Grayhole
601448,1722,1,601497,0.0,1,26,0,0,0,0,0,0,0,0,0.0,0,0.03126433953601452,Grayhole
502511,2449,1,502582,0.0,1,25,0,0,0,0,0,0,0,0,41.01195387936192,0,0.8560908622698551,Grayhole
609030,3203,1,609100,0.0,1,27,0,0,0,0,0,0,0,1,96.2084279952582,0,0.03704887601148496,Grayhole
2168623,2550,1,2168644,0.0,1,9,0,0,0,0,0,0,0,1,63.472789021203184,0,0.012925722176866484,Grayhole
903746,3189,1,903835,0.0,1,24,0,0,0,0,0,0,0,0,0.0,0,0.026210043742762878,Grayhole
405261,2708,1,405278,0.0,1,12,0,7,0,0,0,0,601,34,106.21748150523118,0,1.5882130318104128,Grayhole
1002874,2317,1,1002895,0.0,1,16,0,0,0,0,0,0,0,2,146.5525893447518,0,0.018060324929290602,Grayhole
502718,2457,1,502783,0.0,1,25,0,0,0,0,0,0,0,0,38.840863710636924,0,0.04254695040341176,Grayhole
901807,2641,1,901871,0.0,1,25,0,0,0,0,0,0,0,0,64.4355985788738,0,0.03341534650171373,Grayhole
805045,3121,1,805055,0.0,1,26,0,0,0,0,0,0,0,0,16.477594446453836,0,0.017792478957229022,Grayhole
509996,3257,1,509996,0.0,1,25,0,0,0,0,0,0,7,1,2.2517832092079715,0,0.07684357162971911,Grayhole
1701563,1977,1,1701583,0.0,1,8,0,0,0,0,0,0,0,1,113.04953346022833,0,0.012304130931409292,Grayhole
801063,1674,1,801100,0.0,1,13,0,0,0,0,0,0,0,0,80.08697835319093,0,0.01466332253602058,Grayhole
302073,1352,1,302096,0.0,1,9,0,3,1,0,0,0,639,90,158.14369922921662,0,2.110660627904363,Grayhole
704019,3430,1,704100,0.0,1,25,0,0,0,0,0,0,0,0,0.0,0,0.0672343654923564,Grayhole
701010,1715,1,701066,0.0,1,18,0,0,0,0,0,0,0,0,50.03498927073746,0,0.0213222319623562,Grayhole
201314,1047,1,201316,0.0,1,7,0,8,1,0,0,0,874,52,117.6141344433787,0,2.261914405569315,Grayhole
401084,1877,1,401100,0.0,1,25,0,0,0,0,0,0,0,1,131.32410227064707,0,0.030041383817909238,Grayhole
203916,1072,1,203929,0.0,1,7,0,2,1,0,0,0,361,64,97.47317328966712,0,1.4465955401382136,Grayhole
901067,2288,1,901100,0.0,1,20,0,0,0,0,0,0,0,0,0.0,0,0.014842120007814773,Grayhole
603069,2803,1,603075,0.0,1,26,0,0,0,0,0,0,0,2,120.27274167466469,0,0.062402984255379164,Grayhole
903185,3160,1,903243,0.0,1,25,0,0,0,0,0,0,0,0,0.0,0,0.02305978360532951,Grayhole
502036,2353,1,502100,0.0,1,25,0,0,0,0,0,0,0,0,65.96669601324803,0,1.4605505474404152,Grayhole
505053,1720,1,505100,0.0,1,26,0,0,0,0,0,0,0,2,114.88091308305336,0,0.04969666091808059,Grayhole
103583,180,1,103583,0.0,1,0,0,40,1,0,0,0,1160,21,125.5080103777893,0,2.258784656256195,Grayhole
805065,3204,1,805069,0.0,1,26,0,0,0,0,0,0,0,3,155.86515529730684,0,0.03941840412533464,Grayhole
205201,1210,1,205201,0.0,1,6,0,7,1,0,0,0,753,59,124.10516271275978,0,2.482476365351063,Grayhole
605028,3503,1,605034,0.0,1,26,0,0,0,0,0,0,0,0,71.82165582232808,0,0.037391601895752816,Grayhole
509062,2912,1,509100,0.0,1,25,0,0,0,0,0,0,0,1,65.79079542776145,0,0.0433725114274255,Grayhole
108037,403,1,108037,0.0,1,4,0,29,1,0,0,0,1147,27,150.52261062146917,0,2.1235338982068,Grayhole
902079,2682,1,902159,0.0,1,25,0,0,0,0,0,0,0,0,78.52493722265311,0,0.03775457361395054,Grayhole
213017,1603,1,213017,0.0,1,3,0,18,1,0,0,0,1076,32,119.46699686405088,0,2.150045751346539,Grayhole
107356,367,1,107379,0.0,1,4,0,12,1,0,0,0,1011,44,93.64303834457503,0,2.0163516117850384,Grayhole
601318,2901,1,601318,0.0,1,26,0,0,0,0,0,0,0,1,42.01577084715875,0,0.043247410492143645,Grayhole
1801488,2283,1,1801537,0.0,1,8,0,0,0,0,0,0,0,1,136.94417107054977,0,0.014121755300844762,Grayhole
605025,2958,1,605100,0.0,1,24,0,0,0,0,0,0,0,0,73.19329980757715,0,0.03687029997417407,Grayhole
605094,2652,1,605095,0.0,1,24,0,0,0,0,0,0,0,0,0.0,0,0.036860934752973806,Grayhole
802078,3103,1,802078,0.0,1,25,0,0,0,0,0,0,0,2,75.76201235864347,0,0.029668713735107554,Grayhole
202033,1052,1,202033,0.0,1,3,0,11,1,0,0,0,946,53,80.48370716134957,0,3.2274189713736363,Grayhole
509554,3228,1,509589,0.0,1,26,0,0,0,0,0,0,0,0,81.03192822467875,0,0.03966404880488301,Grayhole
101435,70,1,101435,0.0,1,0,0,8,1,0,0,0,670,71,95.22719543609563,0,2.0866685435671912,Grayhole
503033,2503,1,503100,0.0,1,25,0,0,0,0,0,0,0,0,0.0,0,0.028131914803094474,Grayhole
210313,1504,1,210313,0.0,1,4,0,15,1,0,0,0,1032,34,103.74900622170986,0,2.026738260945085,Grayhole
605322,2916,1,605379,0.0,1,25,0,0,0,0,0,0,0,1,163.0429325456222,0,0.028612848944755298,Grayhole
804701,3168,1,804765,0.0,1,26,0,0,0,0,0,0,166,85,108.0780891313625,0,0.4169861977992765,Grayhole
502516,2525,1,502557,0.0,1,24,0,0,0,0,0,0,0,3,105.62200306586722,0,0.06464878623663753,Grayhole
603076,2970,1,603076,0.0,1,26,0,0,0,0,0,0,0,0,0.0,0,0.029569399083995394,Grayhole
801043,2666,1,801100,0.0,1,25,0,0,0,0,0,0,0,0,37.8643713731544,0,0.027317430299615652,Grayhole
401045,1653,1,401100,0.0,1,25,0,0,0,0,0,0,0,1,118.55499502304677,0,0.031076282162689105,Grayhole
302439,961,1,302468,0.0,1,12,0,0,0,0,0,0,0,0,72.34983385121421,0,0.010827904234691793,Grayhole
505056,1625,1,505100,0.0,1,26,0,0,0,0,0,0,0,2,128.71094683824026,0,0.05411914751989191,Grayhole
1753404,2054,1,1753425,0.0,1,8,0,0,0,0,0,0,0,0,43.065899198223725,0,0.013933028523414024,Grayhole
1004668,3374,1,1004717,0.0,1,24,0,0,0,0,0,0,0,0,14.114931624291899,0,0.03020267234971092,Grayhole
701605,3396,1,701656,0.0,1,26,0,0,0,0,0,0,0,1,51.51865867015923,0,0.052337234114992075,Grayhole
1070686,3488,1,1070742,0.0,1,26,0,0,0,0,0,0,0,0,0.0,0,0.031188508624846414,Grayhole
703078,2817,1,703095,0.0,1,25,0,0,0,0,0,0,0,1,162.88842130366675,0,0.039786565452427695,Grayhole
208692,1386,1,208692,0.0,1,9,0,7,1,0,0,0,857,54,120.44527302178786,0,2.601190191397078,Grayhole
209834,1486,1,209834,0.0,1,5,0,17,1,0,0,0,1082,33,93.35680594879733,0,2.0692898473427452,Grayhole
406017,2295,1,406080,0.0,1,24,0,0,0,0,0,0,0,0,18.517368996326034,0,0.03135633799550755,Grayhole
703551,2827,1,703597,0.0,1,23,0,0,0,0,0,0,0,0,78.36004216253079,0,0.26315590528496585,Grayhole
108038,403,1,108038,0.0,1,4,0,31,1,0,0,0,1159,26,148.2868866712411,0,2.1278878718318026,Grayhole
802066,3225,1,802081,0.0,1,25,0,0,0,0,0,0,0,1,155.42762330961693,0,0.03205477536801373,Grayhole
302072,1842,1,302072,0.0,1,0,0,0,0,0,0,0,10,6,118.25117310553748,0,0.11945912450036092,Grayhole
107099,353,1,107099,0.0,1,4,0,14,1,0,0,0,1078,38,92.60570978323904,0,1.9851015416783224,Grayhole
608051,3153,1,608100,0.0,1,26,0,0,0,0,0,0,0,1,121.93951723798254,0,0.042175901664580275,Grayhole
406038,1956,1,406100,0.0,1,25,0,0,0,0,0,0,0,0,0.0,0,0.03217251915253962,Grayhole
501937,2329,1,501937,0.0,1,25,0,0,0,0,0,0,0,0,112.80049686515463,0,0.0587788896992153,Grayhole
704019,3289,1,704100,0.0,1,24,0,0,0,0,0,0,0,0,103.16053103267998,0,0.1681000244437172,Grayhole
1796315,2429,1,1796407,0.0,1,9,0,0,0,0,0,0,0,1,137.5195677287211,0,0.0153212898054833,Grayhole
302042,1284,1,302042,0.0,1,6,0,0,0,0,0,0,0,0,39.49863797415491,0,0.027841822759601113,Grayhole
508634,2747,1,508652,0.0,1,26,0,0,0,0,0,0,0,1,62.62731998671806,0,0.0418787373830681,Grayhole
701012,1724,1,701069,0.0,1,18,0,0,0,0,0,0,0,0,0.0,0,0.020507520627697243,Grayhole
302131,1599,1,302133,0.0,1,11,0,0,0,0,0,0,235,110,93.50576207054158,0,1.484829319755029,Grayhole
114313,718,1,114313,0.0,1,4,0,14,1,0,0,0,1074,39,157.8063040709981,0,2.3272243225878406,Grayhole
406034,2184,1,406100,0.0,1,26,0,0,0,0,0,0,0,4,108.24523677773385,0,0.03895639233898136,Grayhole
702015,3190,1,702100,0.0,1,26,0,0,0,0,0,0,0,1,101.39571105272051,0,0.06434819882348332,Grayhole
903501,3055,1,903563,0.0,1,25,0,0,0,0,0,0,0,0,22.424445648955984,0,0.023797354846301282,Grayhole
118096,904,1,118096,0.0,1,4,0,13,1,0,0,0,994,44,121.11887735733889,0,1.9854455571007665,Grayhole
704682,2834,1,704727,0.0,1,24,0,0,0,0,0,0,0,0,72.14356344863526,0,0.2185118877493482,Grayhole
703068,2792,1,703097,0.0,1,25,0,0,0,0,0,0,0,1,167.06206390662518,0,0.05561760546830517,Grayhole
208372,1368,1,208372,0.0,1,8,0,6,1,0,0,0,774,61,92.14657375048895,0,2.2009848170717374,Grayhole
502952,2539,1,503030,0.0,1,25,0,0,0,0,0,0,0,1,79.0915797856795,0,0.1507932828160663,Grayhole
108033,403,1,108033,0.0,1,5,0,14,1,0,0,0,1065,37,164.39558150257358,0,2.103660992334748,Grayhole
801817,2792,1,801828,0.0,1,26,0,0,0,0,0,0,0,1,95.92868339775379,0,0.02088,Grayhole
903348,3022,1,903442,0.0,1,24,0,0,0,0,0,0,0,0,27.467839702780957,0,0.030868158075177496,Grayhole
701059,2250,1,701059,0.0,1,19,0,0,0,0,0,0,0,0,40.62626646736616,0,0.023440170525263045,Grayhole
509029,3299,1,509036,0.0,1,11,0,1,0,0,0,0,307,79,131.56571537060165,0,1.4419198560439144,Grayhole
606044,2953,1,606100,0.0,1,24,0,0,0,0,0,0,0,0,48.00739302945635,0,0.02510451001154984,Grayhole
608051,3153,1,608100,0.0,1,26,0,0,0,0,0,0,0,1,153.35706459952917,0,0.040791552543761975,Grayhole
304497,1433,1,304553,0.0,1,17,0,1,1,0,0,0,301,113,130.96739776119225,0,0.9389488216411845,Grayhole
501224,1921,1,501236,0.0,1,25,0,0,0,0,0,0,0,0,15.134476641313967,0,0.20713401820515126,Grayhole
204195,1123,1,204201,0.0,1,5,0,5,1,0,0,0,664,82,118.27491903303553,0,2.3056386487160787,Grayhole
509493,2948,1,509508,0.0,1,26,0,0,0,0,0,0,0,0,81.3066836005019,0,0.03913645537642359,Grayhole
406023,2014,1,406039,0.0,1,24,0,0,0,0,0,0,0,2,56.59259323918103,0,0.038247451834686794,Grayhole
704041,2907,1,704100,0.0,1,26,0,0,0,0,0,0,0,2,56.91482043048748,0,0.03713806622087536,Grayhole
701017,1519,1,701043,0.0,1,13,0,0,0,0,0,0,0,0,84.25430390564463,0,0.017398128197292008,Grayhole
201442,1053,1,201442,0.0,1,5,0,10,1,0,0,0,960,51,106.0250329135919,0,2.744141393187468,Grayhole
704069,2206,1,704100,0.0,1,25,0,0,0,0,0,0,0,4,124.51949988225493,0,0.05741642374043797,Grayhole
306017,1054,1,306089,0.0,1,25,0,0,0,0,0,0,1,0,0.7110895673824024,0,0.03264573241963167,Grayhole
506037,2653,1,506100,0.0,1,25,0,0,0,0,0,0,0,3,111.09360859354025,0,0.03731145882520864,Grayhole
1081625,2063,1,1081672,0.0,1,12,0,0,0,0,0,0,0,0,17.86074104899009,0,0.012816460363359254,Grayhole
602080,3356,1,602080,0.0,1,26,0,0,0,0,0,0,0,3,127.83154329650579,0,0.05947522457126226,Grayhole
805045,2955,1,805067,0.0,1,26,0,0,0,0,0,0,0,0,37.369870607628805,0,0.020356821042592548,Grayhole
802090,3103,1,802090,0.0,1,25,0,0,0,0,0,0,0,2,87.26840194564166,0,0.03153354888751299,Grayhole
2567062,3173,1,2567085,0.0,1,9,0,0,0,0,0,0,0,0,0.0,0,0.00987358704628923,Grayhole
509084,2725,1,509097,0.0,1,25,0,0,0,0,0,0,11,4,113.65679568527779,0,0.09137675580246887,Grayhole
401656,1924,1,401678,0.0,1,26,0,0,0,0,0,0,0,0,56.35133871164757,0,0.034826989870379695,Grayhole
505486,2653,1,505538,0.0,1,26,0,0,0,0,0,0,0,3,96.45824991926902,0,0.03928776026429767,Grayhole
608027,3153,1,608100,0.0,1,26,0,0,0,0,0,0,0,1,160.16217483587684,0,0.04149749279329631,Grayhole
509073,2752,1,509100,0.0,1,26,0,0,0,0,0,0,0,1,121.12437655897152,0,0.04283263232176145,Grayhole
1004423,3258,1,1004468,0.0,1,23,0,0,0,0,0,0,0,0,23.305362794173313,0,0.0295142313956456,Grayhole
701028,1353,1,701028,0.0,1,9,0,0,0,0,0,0,0,0,2.0570013416566013,0,0.011782310730236462,Grayhole
401905,1846,1,401938,0.0,1,25,0,0,0,0,0,0,0,0,19.431761338953024,0,0.0342038746778408,Grayhole
701021,2471,1,701090,0.0,1,23,0,0,0,0,0,0,0,1,96.29743993056901,0,0.1370063083799968,Grayhole
1726842,2115,1,1726874,0.0,1,8,0,0,0,0,0,0,0,1,100.76885297873328,0,0.016899597823174618,Grayhole
214795,1693,1,214795,0.0,1,8,0,5,1,0,0,0,735,76,153.09405784423947,0,2.3167081233127473,Grayhole
108035,403,1,108060,0.0,1,2,0,41,1,0,0,0,1152,26,116.53131331880962,0,2.149578212746596,Grayhole
303593,1472,1,303621,0.0,1,15,0,1,1,0,0,0,319,112,147.77641463523372,0,1.342905757851453,Grayhole
605062,2147,1,605098,0.0,1,25,0,0,0,0,0,0,0,0,0.0,0,0.01853005386590316,Grayhole
802086,3020,1,802099,0.0,1,25,0,0,0,0,0,0,0,0,15.825009448134821,0,0.025311064298070625,Grayhole
304035,1403,1,304100,0.0,1,19,0,0,0,0,0,0,175,86,137.75319974008502,0,0.5808120348598727,Grayhole
502057,2480,1,502065,0.0,1,24,0,0,0,0,0,0,0,4,118.70057936240711,0,0.08289283138994688,Grayhole
601471,2474,1,601511,0.0,1,25,0,0,0,0,0,0,0,0,0.0,0,0.034408375741418036,Grayhole
506876,2697,1,506940,0.0,1,22,0,0,0,0,0,0,0,0,24.79816239876024,0,0.05286207947317703,Grayhole
507025,2879,1,507086,0.0,1,18,0,0,0,0,0,0,0,0,34.290084184148526,0,0.057653649006248246,Grayhole
704055,3070,1,704100,0.0,1,23,0,0,0,0,0,0,0,0,56.75327244603287,0,0.3210880169021214,Grayhole
406013,2172,1,406074,0.0,1,26,0,0,0,0,0,0,0,0,24.172890448727706,0,0.04920075141992775,Grayhole
111040,553,1,111040,0.0,1,4,0,19,19,0,0,0,0,0,0.0,0,0.007235224195678694,TDMA
508048,3080,1,508089,0.0,1,4,0,11,11,0,0,0,0,0,0.0,0,0.006515820056367824,TDMA
106035,303,1,106035,0.0,1,6,0,10,10,0,0,0,0,0,0.0,0,0.007226044173792778,TDMA
404044,2653,1,404100,0.0,1,5,0,6,6,0,0,0,0,0,0.0,0,0.30655331986173145,TDMA
209026,1413,1,209043,0.0,1,7,0,5,5,0,0,0,0,0,0.0,0,0.3814251325379163,TDMA
605039,2875,1,605096,0.0,1,12,0,1,1,0,0,0,210,210,89.72695232675714,0,2.0966489368912162,TDMA
115045,753,1,115045,0.0,1,4,0,17,17,0,0,0,0,0,0.0,0,0.00725802269067023,TDMA
104051,203,1,104051,0.0,1,5,0,41,41,0,0,0,0,0,0.0,0,0.007245782260044044,TDMA
213273,1664,1,213273,0.0,1,6,0,10,10,0,0,0,0,0,0.0,0,0.00722,TDMA
108075,403,1,108075,0.0,1,6,0,15,15,0,0,0,0,0,0.0,0,0.007243704783369366,TDMA
601080,2604,1,601100,0.0,1,15,0,1,1,0,0,0,224,224,153.53567967573164,0,2.6417711129205204,TDMA
119173,958,0,119177,2.254528376258696,0,5,0,28,28,0,0,7,0,0,0.0,0,0.01878579731244009,TDMA
104083,203,0,104080,25.4797625469734,0,5,0,16,16,0,9,26,0,0,0.0,0,0.05035985409198248,TDMA
112053,603,1,112053,0.0,1,4,0,35,35,0,0,0,39,39,29.96440751369998,0,0.5847353526788873,TDMA
601444,2882,1,601516,0.0,1,7,0,3,3,0,0,0,130,130,54.95422508027004,0,1.2612795033980007,TDMA
508285,3099,1,508333,0.0,1,4,0,12,12,0,0,0,0,0,0.0,0,0.0065375079611621695,TDMA
304351,2004,1,304370,0.0,1,9,0,1,1,0,0,0,319,219,110.39100263305698,0,1.9674101866544411,TDMA
108083,403,1,108083,0.0,1,6,0,11,11,0,0,0,0,0,0.0,0,0.0072524417590940134,TDMA
101073,53,0,101084,2.698856360038423,0,2,0,9,9,0,4,27,0,0,0.0,1,0.045074933331425454,TDMA
103016,153,0,103008,0.6106129311148335,0,3,0,0,0,0,2,33,0,0,0.0,0,0.11668211730696554,TDMA
101076,53,1,101076,0.0,1,0,0,19,19,0,0,0,0,0,0.0,0,0.0022772786775061534,TDMA
111054,553,1,111054,0.0,1,5,0,23,23,0,0,0,0,0,0.0,0,0.007232953802410827,TDMA
208040,1353,1,208099,0.0,1,5,0,11,11,0,0,0,0,0,0.0,0,0.6151735223227588,TDMA
404036,2394,1,404100,0.0,1,8,0,2,2,0,0,0,149,149,51.7396217038408,0,1.7162813337644003,TDMA
210717,1537,1,210717,0.0,1,4,0,3,3,0,0,0,0,0,0.0,0,0.2669913663852479,TDMA
106034,303,1,106034,0.0,1,6,0,20,20,0,0,0,66,66,115.5842473438829,0,1.947315013868175,TDMA
101089,53,1,101089,0.0,1,0,0,19,19,0,0,0,0,0,0.0,0,0.00228,TDMA
504058,2518,1,504100,0.0,1,6,0,5,5,0,0,0,124,124,47.36259447763622,0,0.8539792420136134,TDMA
111094,553,1,111094,0.0,1,5,0,40,40,0,0,0,0,0,0.0,0,0.007223125692498303,TDMA
115034,753,1,115034,0.0,1,4,0,14,14,0,0,0,0,0,0.0,0,0.007235388246675971,TDMA
118001,903,1,118001,0.0,1,4,0,19,19,0,0,0,549,113,162.44527756748866,0,2.490236718537951,TDMA
108058,403,1,108058,0.0,1,4,0,29,29,0,0,0,0,0,0.0,0,0.007245048731265188,TDMA
111835,592,1,111835,0.0,1,5,0,38,38,0,0,0,0,0,0.0,0,0.007178746018519541,TDMA
401504,2185,1,401522,0.0,1,6,0,3,3,0,0,0,134,134,49.39062076148961,0,2.084933230593668,TDMA
104052,203,1,104052,0.0,1,5,0,25,25,0,0,0,0,0,0.0,0,0.007297501297762454,TDMA
603003,3015,1,603009,0.0,1,3,0,4,4,0,0,0,0,0,0.0,0,0.006251414441545964,TDMA
309794,2353,1,309811,0.0,1,5,0,11,11,0,0,0,53,53,106.02449136562194,0,1.6658767303567297,TDMA
302077,1864,1,302077,0.0,1,5,0,4,4,0,0,0,0,0,0.0,0,0.16678115986080044,TDMA
104061,203,1,104061,0.0,1,4,0,38,38,0,0,0,0,0,0.0,0,0.007304445640925968,TDMA
207764,1353,1,207806,0.0,1,5,0,14,14,0,0,0,0,0,0.0,0,0.4405016046743479,TDMA
405169,2412,1,405237,0.0,1,3,0,4,4,0,0,0,0,0,0.0,0,0.007932399755571279,TDMA
114057,703,1,114057,0.0,1,5,0,23,23,0,0,0,0,0,0.0,0,0.00839126476518004,TDMA
510052,3379,1,510100,0.0,1,5,0,8,8,0,0,0,0,0,0.0,0,0.006545352772426798,TDMA
111054,553,1,111054,0.0,1,3,0,24,24,0,0,0,0,0,0.0,0,0.00726929844867498,TDMA
106068,303,1,106068,0.0,1,3,0,43,43,0,0,0,468,24,62.607941199073565,0,1.043646394270189,TDMA
105019,253,1,105019,0.0,1,5,0,57,57,0,0,0,0,0,0.0,0,0.007199338985341989,TDMA
106039,303,1,106039,0.0,1,5,0,15,15,0,0,0,746,39,99.7568089114698,0,1.6585739045130414,TDMA
113055,653,0,113065,11.863295109809709,0,1,0,31,31,0,5,12,0,0,0.0,0,0.026573561972873964,TDMA
115059,753,1,115059,0.0,1,4,0,28,28,0,0,0,0,0,0.0,0,0.007236807054515548,TDMA
119088,953,0,119079,8.886496350887237,0,4,0,12,12,0,13,14,0,0,0.0,1,0.03022787026179689,TDMA
115050,753,1,115050,0.0,1,4,0,23,23,0,0,0,0,0,0.0,0,0.007234477831645731,TDMA
104035,203,1,104035,0.0,1,6,0,24,24,0,0,0,0,0,0.0,0,0.0072110578617814265,TDMA
103070,153,1,103070,0.0,1,5,0,38,38,0,0,0,18,0,0.0,0,0.054461281178198984,TDMA
111045,553,1,111045,0.0,1,5,0,27,27,0,0,0,0,0,0.0,0,0.00722,TDMA
111019,553,1,111019,0.0,1,5,0,13,13,0,0,0,90,90,102.88712394614063,0,1.5996130372857555,TDMA
114052,703,1,114052,0.0,1,5,0,19,19,0,0,0,0,0,0.0,0,0.13274844720486925,TDMA
114845,743,1,114845,0.0,1,5,0,12,12,0,0,0,0,0,0.0,0,0.007233937204872402,TDMA
103030,153,0,103026,0.31667693220424,0,5,0,1,1,0,1,17,0,0,0.0,0,0.3563402486827804,TDMA
302012,2038,1,302013,0.0,1,5,0,4,4,0,0,0,2,0,0.0,0,0.660116076045199,TDMA
111025,553,1,111025,0.0,1,3,0,24,24,0,0,0,0,0,0.0,0,0.0072399412221222275,TDMA
602867,3193,1,602872,0.0,1,7,0,2,2,0,0,0,0,0,0.0,0,0.09277971450213168,TDMA
104049,203,1,104049,0.0,1,5,0,42,42,0,0,0,0,0,0.0,0,0.0072302482312523175,TDMA
208085,1353,1,208094,0.0,1,5,0,10,10,0,0,0,0,0,0.0,0,0.09879504657312763,TDMA
605042,3056,1,605072,0.0,1,9,0,1,1,0,0,0,109,109,46.80241586984872,0,1.0966072461248504,TDMA
404015,2235,1,404045,0.0,1,5,0,3,3,0,0,0,167,167,88.38715952891478,0,1.397565884518837,TDMA
504954,3061,1,504958,0.0,1,6,0,4,4,0,0,0,34,34,13.021903674466571,0,0.5627161904459888,TDMA
603054,3137,1,603054,0.0,1,6,0,2,2,0,0,0,0,0,0.0,0,0.006223259589052019,TDMA
302035,1997,1,302044,0.0,1,5,0,4,4,0,0,0,0,0,0.0,0,0.7355929650017397,TDMA
503784,2405,1,503788,0.0,1,8,0,1,1,0,0,0,223,223,103.29916095828085,0,1.8510392374777904,TDMA
111010,553,1,111010,0.0,1,3,0,20,20,0,0,0,27,27,31.093881230550153,0,0.48846607720000534,TDMA
606058,3261,1,606074,0.0,1,11,0,1,1,0,0,0,230,230,137.018880118588,0,3.325175074036647,TDMA
305042,1903,1,305095,0.0,1,10,0,3,3,0,0,0,437,158,96.89310941094679,0,2.1884739106742184,TDMA
104091,203,0,104088,44.095370464306214,0,6,0,2,2,0,15,45,0,0,0.0,0,0.08177408964138069,TDMA
118056,903,0,118085,12.994238970986784,0,5,0,1,1,0,10,15,215,71,54.06626840407599,3,0.9771722318221271,TDMA
115573,778,0,115582,15.337389676783587,0,5,0,13,13,0,2,29,0,0,0.0,3,0.05487788749131829,TDMA
507174,3043,1,507250,0.0,1,9,0,2,2,0,0,0,201,201,133.45808497111096,0,2.052454522960644,TDMA
201393,1035,1,201393,0.0,1,3,0,42,42,0,0,0,0,0,0.0,0,0.007173243098829607,TDMA
115040,753,1,115040,0.0,1,4,0,14,14,0,0,0,0,0,0.0,0,0.007244704322384816,TDMA
509392,3279,1,509472,0.0,1,6,0,1,1,0,0,0,50,50,33.30782084243876,0,0.5171277100439255,TDMA
113051,653,0,113023,40.80828077605441,0,4,1,0,0,1,18,26,0,0,0.0,2,0.049063546615659634,TDMA
306781,2050,1,306783,0.0,1,4,0,15,15,0,0,0,0,0,0.0,0,0.006800512795613598,TDMA
606068,3430,1,606069,0.0,1,9,0,1,1,0,0,0,185,185,103.6016356732384,0,3.1984030544599014,TDMA
112042,603,1,112042,0.0,1,7,0,27,27,0,0,0,0,0,0.0,0,0.007259502704374244,TDMA
211021,1553,1,211021,0.0,1,3,0,3,3,0,0,0,15,1,2.9202117753324046,0,0.14111283062308333,TDMA
104024,203,1,104024,0.0,1,5,0,13,13,0,0,0,0,0,0.0,0,0.00722516635891271,TDMA
406047,2224,1,406100,0.0,1,13,0,1,1,0,0,0,226,226,171.0647836312177,0,2.992042310130809,TDMA
605038,2854,1,605099,0.0,1,12,0,1,1,0,0,0,223,223,95.12170306518225,0,2.2199944014101702,TDMA
104020,203,1,104020,0.0,1,4,0,18,18,0,0,0,0,0,0.0,0,0.007228962580538664,TDMA
108075,403,1,108075,0.0,1,5,0,15,15,0,0,0,0,0,0.0,0,0.007261165869072142,TDMA
504978,3085,1,504982,0.0,1,6,0,4,4,0,0,0,28,28,10.789927547996342,0,0.53192110411805,TDMA
408459,2765,1,408477,0.0,1,2,0,12,12,0,0,0,0,0,0.0,0,0.00653019313733462,TDMA
503523,2370,1,503526,0.0,1,7,0,2,2,0,0,0,173,173,66.29757515878805,0,1.1926857522936092,TDMA
111051,553,1,111051,0.0,1,3,0,25,25,0,0,0,0,0,0.0,0,0.007255017891498639,TDMA
209079,1403,1,209079,0.0,1,4,0,3,3,0,0,0,0,0,0.0,0,0.07919326149066774,TDMA
309907,2353,1,309916,0.0,1,5,0,13,13,0,0,0,61,61,121.69042114805401,0,1.8988132287384092,TDMA
207058,1353,1,207058,0.0,1,4,0,19,19,0,0,0,0,0,0.0,0,0.007242586056525885,TDMA
111048,553,1,111048,0.0,1,5,0,27,27,0,0,0,0,0,0.0,0,0.007222244598024781,TDMA
115069,753,1,115069,0.0,1,4,0,33,33,0,0,0,0,0,0.0,0,0.0072444721465369745,TDMA
502957,2896,1,502957,0.0,1,6,0,3,3,0,0,0,168,168,122.82606396005131,0,2.191919484599787,TDMA
302261,1792,1,302314,0.0,1,5,0,3,3,0,0,0,0,0,0.0,0,0.7990265703804802,TDMA
120051,1003,1,120051,0.0,1,5,0,21,21,0,0,0,0,0,0.0,0,0.007233310117452858,TDMA
108073,403,1,108073,0.0,1,5,0,18,18,0,0,0,0,0,0.0,0,0.007245806866214365,TDMA
105038,253,0,105024,12.122933445740028,0,6,0,15,15,0,5,60,0,0,0.0,3,0.10393005718983854,TDMA
115070,753,1,115070,0.0,1,4,0,34,34,0,0,0,0,0,0.0,0,0.007239401334424578,TDMA
203989,1200,1,204072,0.0,1,10,0,3,3,0,0,0,40,0,0.0,0,0.8138439511631671,TDMA
102337,117,0,102334,0.19117818833947253,0,3,0,15,15,0,0,10,0,0,0.0,0,0.023761110456436377,TDMA
106055,303,0,106034,2.7701387955001997,0,5,0,8,8,0,1,24,0,0,0.0,0,0.046236340436203144,TDMA
111005,553,1,111005,0.0,1,4,0,25,25,0,0,0,0,0,0.0,0,0.007205431587392413,TDMA
404037,2653,1,404100,0.0,1,5,0,7,7,0,0,0,0,0,0.0,0,0.2557675483945798,TDMA
112048,603,1,112048,0.0,1,6,0,32,32,0,0,0,0,0,0.0,0,0.007269833723878325,TDMA
116077,803,0,116073,5.211447834081216,0,5,0,7,7,0,0,10,0,0,0.0,1,0.023464382317065432,TDMA
303008,1752,1,303098,0.0,1,3,0,9,9,0,0,0,0,0,0.0,0,0.01638841020872448,TDMA
602578,3077,1,602592,0.0,1,4,0,3,3,0,0,0,0,0,0.0,0,0.23911570352044495,TDMA
115046,753,1,115046,0.0,1,5,0,20,20,0,0,0,0,0,0.0,0,0.007262847091631147,TDMA
116075,803,1,116075,0.0,1,3,0,37,37,0,0,0,0,0,0.0,0,0.007236335312154171,TDMA
208317,1341,1,208355,0.0,1,3,0,5,5,0,0,0,0,0,0.0,0,0.9811229321961125,TDMA
504244,2979,1,504262,0.0,1,5,0,6,6,0,0,0,25,25,34.97537228989046,0,0.7513758127780997,TDMA
309138,2306,1,309138,0.0,1,5,0,15,15,0,0,0,49,49,98.3300070393436,0,1.5260771763514276,TDMA
115052,753,1,115069,0.0,1,4,0,20,20,0,0,0,0,0,0.0,0,0.007117336666860921,TDMA
103041,153,0,103036,0.34260995863937904,0,4,0,13,13,0,1,18,22,0,0.0,0,0.09378792615946614,TDMA
102059,103,1,102059,0.0,1,4,0,28,28,0,0,0,0,0,0.0,0,0.007217273347636282,TDMA
404072,2615,1,404097,0.0,1,6,0,8,8,0,0,0,0,0,0.0,0,0.0064925969819071725,TDMA
204042,1203,1,204093,0.0,1,9,0,4,4,0,0,0,24,0,0.0,0,0.4958795165767764,TDMA
108085,403,1,108085,0.0,1,6,0,10,10,0,0,0,0,0,0.0,0,0.007250422142834501,TDMA
601547,3178,1,601586,0.0,1,8,0,1,1,0,0,0,123,123,74.59960549030517,0,1.3439442078225643,TDMA
113054,653,0,113057,3.046579759889621,0,8,0,4,4,0,1,3,0,0,0.0,0,0.01216549610544286,TDMA
106035,303,1,106035,0.0,1,5,0,13,13,0,0,0,495,26,66.16566394722658,0,1.1025162971416502,TDMA
210672,1535,1,210672,0.0,1,4,0,9,9,0,0,0,19,19,50.926112513605005,0,0.6008000032807054,TDMA
111096,553,1,111096,0.0,1,8,0,17,17,0,0,0,0,0,0.0,0,0.0070345282939735816,TDMA
113036,653,0,113037,13.942816274769104,0,6,0,8,8,0,1,8,0,0,0.0,0,0.39830714015191987,TDMA
504814,3162,1,504817,0.0,1,6,0,4,4,0,0,0,24,24,17.831487111295587,0,0.6491769814841752,TDMA
409601,2918,1,409639,0.0,1,4,0,9,9,0,0,0,0,0,0.0,0,0.006476905558047246,TDMA
117565,877,0,117589,10.767491381570533,0,5,0,7,7,0,8,12,0,0,0.0,2,0.026668622477516862,TDMA
302056,1946,1,302056,0.0,1,5,0,4,4,0,0,0,0,0,0.0,0,0.37819573053577127,TDMA
101078,53,0,101085,1.7531385367537151,0,1,0,18,18,0,3,17,0,0,0.0,0,0.030078977341669227,TDMA
109092,453,1,109092,0.0,1,9,0,6,6,0,0,0,0,0,0.0,0,0.056401216802053934,TDMA
404078,2650,1,404100,0.0,1,5,0,5,5,0,0,0,1,1,0.4354972920027933,0,0.5719040959679837,TDMA
201508,815,0,201527,37.42603673774247,0,2,1,0,0,1,1,122,0,68,74.8300121745551,1,0.2090164661674446,TDMA
602351,3111,1,602372,0.0,1,5,0,2,2,0,0,0,0,0,0.0,0,0.34593891203257443,TDMA
207048,1353,1,207048,0.0,1,4,0,16,16,0,0,0,0,0,0.0,0,0.007205145777105387,TDMA
117772,890,1,117772,0.0,1,4,0,50,50,0,0,0,15,15,102.88048044310445,0,1.398246189456837,TDMA
307175,2207,1,307177,0.0,1,4,0,17,17,0,0,0,0,0,0.0,0,0.013420888995962443,TDMA
671321,3288,1,671341,0.0,1,9,0,5,5,0,0,0,73,73,31.475955276563884,0,1.5239974533745932,TDMA
207000,1325,1,207055,0.0,1,7,0,3,3,0,0,0,0,0,0.0,0,0.6805643125546317,TDMA
117067,853,1,117067,0.0,1,5,0,14,14,0,0,0,0,0,0.0,0,0.007232891698766833,TDMA
108104,403,1,108104,0.0,1,7,0,9,9,0,0,0,0,0,0.0,0,0.007248623210860124,TDMA
102088,103,1,102088,0.0,1,5,0,32,32,0,0,0,18,18,10.246422495542662,0,0.19364978971180388,TDMA
209703,1453,1,209729,0.0,1,4,0,14,14,0,0,0,0,0,0.0,0,0.0070621769538281014,TDMA
106026,303,1,106026,0.0,1,6,0,10,10,0,0,0,15,15,26.41582864760678,0,0.4506189607363672,TDMA
309565,2366,1,309615,0.0,1,4,0,3,3,0,0,0,32,32,35.24420329266661,0,0.5399545048330612,TDMA
111567,578,1,111567,0.0,1,10,0,8,8,0,0,0,0,0,0.0,0,0.0071905888050289475,TDMA
206087,1253,1,206087,0.0,1,2,0,26,26,0,0,0,493,82,98.47142515184834,0,1.4852224724397103,TDMA
111096,553,1,111096,0.0,1,10,0,14,14,0,0,0,0,0,0.0,0,0.007087114791970011,TDMA
102080,103,0,102087,3.7081104863876035,0,5,0,29,29,0,0,10,0,0,0.0,0,0.023513094822991507,TDMA
103934,199,1,103934,0.0,1,2,0,31,31,0,0,0,0,0,0.0,0,0.049731476051033674,TDMA
105056,253,0,105036,17.952802277258087,0,6,0,1,1,0,7,89,0,0,0.0,5,0.22871724957834288,TDMA
101243,63,0,101269,5.992219211304579,0,6,0,3,3,0,11,60,0,0,0.0,3,0.09833092047941512,TDMA
605375,3050,1,605416,0.0,1,12,0,1,1,0,0,0,228,228,108.03326029565534,0,2.7062033971175827,TDMA
302721,1931,1,302721,0.0,1,7,0,5,5,0,0,0,0,0,0.0,0,0.006763082574963069,TDMA
212286,1578,1,212286,0.0,1,4,0,8,8,0,0,0,662,82,122.14233005354129,0,1.8580576550144992,TDMA
403337,2617,1,403365,0.0,1,4,0,10,10,0,0,0,138,63,102.5144938812498,0,1.3573453878950725,TDMA
114067,703,1,114067,0.0,1,7,0,5,5,0,0,0,0,0,0.0,0,0.1744409631354362,TDMA
120052,1003,0,120059,3.2340929456852905,0,6,0,29,29,0,0,10,0,0,0.0,0,0.023789471227037604,TDMA
402906,1880,1,402963,0.0,1,8,0,1,1,0,0,0,31,31,22.299794131854902,0,0.4041573712748201,TDMA
303054,1930,1,303080,0.0,1,7,0,7,7,0,0,0,0,0,0.0,0,0.006921920838640452,TDMA
113075,653,0,113038,21.70754333584443,0,6,0,2,2,0,18,14,0,0,0.0,1,0.030064634244911063,TDMA
303723,1949,1,303723,0.0,1,7,0,3,3,0,0,0,169,169,78.73536559667895,0,1.3953796956871651,TDMA
509202,3311,1,509230,0.0,1,6,0,8,8,0,0,0,0,0,0.0,0,0.006495802191435537,TDMA
108081,403,1,108081,0.0,1,6,0,12,12,0,0,0,0,0,0.0,0,0.00725512413887189,TDMA
303035,1783,1,303100,0.0,1,3,0,16,16,0,0,0,0,0,0.0,0,0.006561078903130746,TDMA
205096,1248,1,205096,0.0,1,4,0,2,2,0,0,0,221,221,83.15249045873682,0,1.1814447481637695,TDMA
106070,303,0,106004,9.024564998859502,0,5,0,0,0,0,4,79,0,0,0.0,0,0.1343275300833677,TDMA
210028,1471,1,210028,0.0,1,4,0,13,13,0,0,0,0,0,0.0,0,0.24686669683423806,TDMA
111014,553,1,111014,0.0,1,5,0,26,26,0,0,0,0,0,0.0,0,0.007205541916280964,TDMA
215185,1760,1,215185,0.0,1,4,0,20,20,0,0,0,0,0,0.0,0,0.0072058118166000145,TDMA
112034,603,1,112034,0.0,1,7,0,22,22,0,0,0,0,0,0.0,0,0.007246192970367167,TDMA
116081,803,0,116080,1.5039202564625387,0,5,0,8,8,0,0,2,0,0,0.0,0,0.01191492004431555,TDMA
213941,1697,1,213941,0.0,1,4,0,26,26,0,0,0,0,0,0.0,0,0.0072111338285104935,TDMA
208067,1355,1,208127,0.0,1,4,0,10,10,0,0,0,0,0,0.0,0,0.5986810517990696,TDMA
406912,2513,1,406942,0.0,1,10,0,6,6,0,0,0,128,128,100.51434936783757,0,1.8425031550281892,TDMA
108076,403,1,108076,0.0,1,6,0,14,14,0,0,0,0,0,0.0,0,0.007239306811388734,TDMA
114051,703,1,114051,0.0,1,5,0,5,5,0,0,0,0,0,0.0,0,0.3555880269689137,TDMA
208052,1336,1,208100,0.0,1,4,0,9,9,0,0,0,0,0,0.0,0,0.8453839142527729,TDMA
115896,795,0,115886,25.030269784344696,0,5,0,4,4,0,4,48,0,0,0.0,5,0.08516089837184727,TDMA
108086,403,1,108086,0.0,1,9,0,8,8,0,0,0,0,0,0.0,0,0.007200907955584473,TDMA
404871,2393,1,404938,0.0,1,3,0,4,4,0,0,0,0,0,0.0,0,0.0065490613552690174,TDMA
116217,809,1,116217,0.0,1,5,0,9,9,0,0,0,0,0,0.0,0,0.007227208092366234,TDMA
104021,203,1,104021,0.0,1,5,0,15,15,0,0,0,0,0,0.0,0,0.007222502513605159,TDMA
503100,2914,1,503100,0.0,1,6,0,3,3,0,0,0,173,173,126.17756616024212,0,2.2661938232638414,TDMA
302374,1772,1,302374,0.0,1,5,0,5,5,0,0,0,0,0,0.0,0,0.17041975371320248,TDMA
405492,2217,1,405562,0.0,1,10,0,1,1,0,0,0,239,239,163.47437316632542,0,2.6923914903449804,TDMA
112073,603,1,112073,0.0,1,4,0,16,16,0,0,0,121,121,92.36612436203461,0,1.7873855790389708,TDMA
116073,803,1,116073,0.0,1,2,0,46,46,0,0,0,0,0,0.0,0,0.007238278690037876,TDMA
210060,1503,1,210060,0.0,1,4,0,16,16,0,0,0,40,40,105.9690818253818,0,1.2938418636761457,TDMA
403979,2239,1,404065,0.0,1,9,0,1,1,0,0,0,222,222,77.13834133863597,0,2.2635927930548876,TDMA
106037,303,1,106037,0.0,1,6,0,12,12,0,0,0,36,36,63.27050921534234,0,1.0692183378478846,TDMA
116234,810,1,116234,0.0,1,5,0,11,11,0,0,0,0,0,0.0,0,0.00723157976924988,TDMA
111029,553,1,111029,0.0,1,5,0,7,7,0,0,0,116,116,131.49600579064224,0,2.0424093829207917,TDMA
104026,203,1,104026,0.0,1,4,0,39,39,0,0,0,0,0,0.0,0,0.007212340617151701,TDMA
303357,2018,1,303357,0.0,1,9,0,5,5,0,0,0,72,72,33.63092691238171,0,0.5315995141521404,TDMA
